,Time,U_A1,U_B1,I_A,U_2,f,Unnamed: 6,Character
0,0.0,0.12,0.01,0.01,1.2,NAN,,1
1,0.1,0.06,0.0,0.0,0.6,NAN,,1
2,0.2,0.03,-0.04,-0.04,0.3,NAN,,1
3,0.3,0.075,-0.03,-0.03,0.75,NAN,,1
4,0.4,0.045,0.055,0.055,0.45,NAN,,1
5,0.5,0.0,0.635,0.635,0.0,NAN,,1
6,0.6,0.0,0.005,0.005,0.0,NAN,,1
7,0.7,0.21,0.005,0.005,2.1,NAN,,1
8,0.8,0.195,-0.01,-0.01,1.95,NAN,,1
9,0.9,0.195,-0.02,-0.02,1.95,NAN,,1
10,1.0,0.195,-0.005,-0.005,1.95,NAN,,1
11,1.1,0.225,-0.03,-0.03,2.25,NAN,,1
12,1.2,0.255,-0.02,-0.02,2.55,NAN,,1
13,1.3,0.255,-0.025,-0.025,2.55,NAN,,1
14,1.4,0.285,0.0,0.0,2.85,NAN,,1
15,1.5,0.3,-0.005,-0.005,3.0,NAN,,1
16,1.6,0.33,0.02,0.02,3.3,NAN,,1
17,1.7,0.345,0.045,0.045,3.45,NAN,,1
18,1.8,0.375,0.125,0.125,3.75,NAN,,1
19,1.9,0.39,0.09,0.09,3.9,NAN,,1
20,2.0,0.405,0.135,0.135,4.05,NAN,,1
21,2.1,0.435,0.205,0.205,4.35,NAN,,1
22,2.2,0.465,0.225,0.225,4.65,NAN,,1
23,2.3,0.48,0.325,0.325,4.8,NAN,,1
24,2.4,0.51,0.435,0.435,5.1,NAN,,1
25,2.5,0.54,0.57,0.57,5.4,NAN,,1
26,2.6,0.555,0.57,0.57,5.55,NAN,,1
27,2.7,0.585,0.255,0.255,5.85,NAN,,1
28,2.8,0.615,0.105,0.105,6.15,NAN,,1
29,2.9,0.645,0.005,0.005,6.45,NAN,,1
30,3.0,0.645,-0.025,-0.025,6.45,NAN,,1
31,3.1,0.675,-0.02,-0.02,6.75,NAN,,1
32,3.2,0.705,0.005,0.005,7.05,NAN,,1
33,3.3,0.735,0.0,0.0,7.35,NAN,,1
34,3.4,0.765,0.005,0.005,7.65,NAN,,1
35,3.5,0.78,0.025,0.025,7.8,NAN,,1
36,3.6,0.81,0.015,0.015,8.1,NAN,,1
37,3.7,0.84,0.15,0.15,8.4,NAN,,1
38,3.8,0.87,0.245,0.245,8.7,NAN,,1
39,3.9,0.885,0.295,0.295,8.85,NAN,,1
40,4.0,0.915,0.61,0.61,9.15,NAN,,1
41,4.1,0.945,0.8,0.8,9.45,NAN,,1
42,4.2,0.975,1.015,1.015,9.75,NAN,,1
43,4.3,0.99,1.22,1.22,9.9,NAN,,1
44,4.4,1.005,1.365,1.365,10.05,NAN,,1
45,4.5,1.035,1.14,1.14,10.35,NAN,,1
46,4.6,1.065,0.865,0.865,10.65,NAN,,1
47,4.7,1.095,0.415,0.415,10.95,NAN,,1
48,4.8,1.11,0.235,0.235,11.1,NAN,,1
49,4.9,1.14,0.075,0.075,11.4,NAN,,1
50,5.0,1.17,0.015,0.015,11.7,NAN,,1
51,5.1,1.2,0.0,0.0,12.0,NAN,,1
52,5.2,1.23,-0.015,-0.015,12.3,NAN,,1
53,5.3,1.245,-0.005,-0.005,12.45,NAN,,1
54,5.4,1.275,0.015,0.015,12.75,NAN,,1
55,5.5,1.305,0.125,0.125,13.05,NAN,,1
56,5.6,1.335,0.22,0.22,13.35,NAN,,1
57,5.7,1.35,0.415,0.415,13.5,NAN,,1
58,5.8,1.365,0.785,0.785,13.65,NAN,,1
59,5.9,1.395,0.82,0.82,13.95,NAN,,1
60,6.0,1.425,1.185,1.185,14.25,NAN,,1
61,6.1,1.455,1.47,1.47,14.55,NAN,,1
62,6.2,1.47,1.68,1.68,14.7,NAN,,1
63,6.3,1.5,1.81,1.81,15.0,NAN,,1
64,6.4,1.53,1.785,1.785,15.3,NAN,,1
65,6.5,1.56,1.48,1.48,15.6,NAN,,1
66,6.6,1.59,1.16,1.16,15.9,NAN,,1
67,6.7,1.605,0.785,0.785,16.05,NAN,,1
68,6.8,1.635,0.47,0.47,16.35,NAN,,1
69,6.9,1.665,0.295,0.295,16.65,NAN,,1
70,7.0,1.68,0.18,0.18,16.8,NAN,,1
71,7.1,1.71,0.09,0.09,17.1,NAN,,1
72,7.2,1.725,0.1,0.1,17.25,NAN,,1
73,7.3,1.755,0.095,0.095,17.55,NAN,,1
74,7.4,1.785,0.18,0.18,17.85,NAN,,1
75,7.5,1.815,0.34,0.34,18.15,NAN,,1
76,7.6,1.845,0.51,0.51,18.45,NAN,,1
77,7.7,1.86,0.825,0.825,18.6,NAN,,1
78,7.8,1.89,1.06,1.06,18.9,NAN,,1
79,7.9,1.92,1.605,1.605,19.2,NAN,,1
80,8.0,1.95,1.735,1.735,19.5,NAN,,1
81,8.1,1.965,2.105,2.105,19.65,NAN,,1
82,8.2,1.995,2.32,2.32,19.95,NAN,,1
83,8.3,2.01,2.36,2.36,20.1,NAN,,1
84,8.4,2.04,2.315,2.315,20.4,NAN,,1
85,8.5,2.07,2.075,2.075,20.7,NAN,,1
86,8.6,2.085,1.725,1.725,20.85,NAN,,1
87,8.7,2.115,1.335,1.335,21.15,NAN,,1
88,8.8,2.145,1.08,1.08,21.45,NAN,,1
89,8.9,2.175,0.83,0.83,21.75,NAN,,1
90,9.0,2.205,0.71,0.71,22.05,NAN,,1
91,9.1,2.22,0.555,0.555,22.2,NAN,,1
92,9.2,2.25,0.57,0.57,22.5,NAN,,1
93,9.3,2.28,0.55,0.55,22.8,NAN,,1
94,9.4,2.31,0.61,0.61,23.1,NAN,,1
95,9.5,2.325,0.96,0.96,23.25,NAN,,1
96,9.6,2.34,0.985,0.985,23.4,NAN,,1
97,9.7,2.37,1.28,1.28,23.7,NAN,,1
98,9.8,2.4,1.585,1.585,24.0,NAN,,1
99,9.9,2.43,1.995,1.995,24.3,NAN,,1
100,10.0,2.445,2.335,2.335,24.45,NAN,,1
101,10.1,2.475,2.655,2.655,24.75,NAN,,1
102,10.2,2.505,2.92,2.92,25.05,NAN,,1
103,10.3,2.535,2.985,2.985,25.35,NAN,,1
104,10.4,2.565,2.96,2.96,25.65,NAN,,1
105,10.5,2.58,2.795,2.795,25.8,NAN,,1
106,10.6,2.61,2.49,2.49,26.1,NAN,,1
107,10.7,2.64,2.24,2.24,26.4,NAN,,1
108,10.8,2.67,2.11,2.11,26.7,NAN,,1
109,10.9,2.685,1.84,1.84,26.85,NAN,,1
110,11.0,2.7,1.695,1.695,27.0,NAN,,1
111,11.1,2.73,1.57,1.57,27.3,NAN,,1
112,11.2,2.76,1.475,1.475,27.6,NAN,,1
113,11.3,2.79,1.48,1.48,27.9,NAN,,1
114,11.4,2.82,1.765,1.765,28.2,NAN,,1
115,11.5,2.835,1.665,1.665,28.35,NAN,,1
116,11.6,2.865,1.88,1.88,28.65,NAN,,1
117,11.7,2.895,2.155,2.155,28.95,NAN,,1
118,11.8,2.925,2.49,2.49,29.25,NAN,,1
119,11.9,2.94,2.8,2.8,29.4,NAN,,1
120,12.0,2.97,3.16,3.16,29.7,NAN,,1
121,12.1,2.985,3.505,3.505,29.85,NAN,,1
122,12.2,3.015,3.75,3.75,30.15,NAN,,1
123,12.3,3.045,3.89,3.89,30.45,NAN,,1
124,12.4,3.06,3.92,3.92,30.6,NAN,,1
125,12.5,3.09,3.875,3.875,30.9,NAN,,1
126,12.6,3.12,3.74,3.74,31.2,NAN,,1
127,12.7,3.15,3.645,3.645,31.5,NAN,,1
128,12.8,3.18,3.515,3.515,31.8,NAN,,1
129,12.9,3.195,3.47,3.47,31.95,NAN,,1
130,13.0,3.195,3.475,3.475,31.95,NAN,,1
131,13.1,3.195,3.47,3.47,31.95,NAN,,1
132,13.2,3.195,3.47,3.47,31.95,NAN,,1
133,13.3,3.195,3.48,3.48,31.95,NAN,,1
134,13.4,3.195,3.465,3.465,31.95,NAN,,1
135,13.5,3.195,3.48,3.48,31.95,NAN,,1
136,13.6,3.195,3.47,3.47,31.95,NAN,,1
137,13.7,3.195,3.475,3.475,31.95,NAN,,1
138,13.8,3.195,3.465,3.465,31.95,NAN,,1
139,13.9,3.195,3.47,3.47,31.95,NAN,,1
140,14.0,3.195,3.47,3.47,31.95,NAN,,1
141,14.1,3.195,3.47,3.47,31.95,NAN,,1
142,14.2,3.195,3.46,3.46,31.95,NAN,,1
143,14.3,3.195,3.465,3.465,31.95,NAN,,1
144,14.4,3.195,3.475,3.475,31.95,NAN,,1
145,14.5,3.195,3.49,3.49,31.95,NAN,,1
146,14.6,3.195,3.495,3.495,31.95,NAN,,1
147,14.7,3.195,3.49,3.49,31.95,NAN,,1
148,14.8,3.195,3.495,3.495,31.95,NAN,,1
149,14.9,3.195,3.48,3.48,31.95,NAN,,1
150,15.0,3.195,3.46,3.46,31.95,NAN,,1
0,0.0,0.24,-0.04,-0.04,2.4,NAN,,2
1,0.1,0.0,-0.01,-0.01,0.0,NAN,,2
2,0.2,0.045,0.055,0.055,0.45,NAN,,2
3,0.3,0.18,0.06,0.06,1.8,NAN,,2
4,0.4,0.225,-0.015,-0.015,2.25,NAN,,2
5,0.5,0.24,0.01,0.01,2.4,NAN,,2
6,0.6,0.15,-0.005,-0.005,1.5,NAN,,2
7,0.7,0.165,-0.02,-0.02,1.65,NAN,,2
8,0.8,0.285,-0.02,-0.02,2.85,NAN,,2
9,0.9,0.315,-0.015,-0.015,3.15,NAN,,2
10,1.0,0.27,-0.005,-0.005,2.7,NAN,,2
11,1.1,0.33,0.03,0.03,3.3,NAN,,2
12,1.2,0.375,0.0,0.0,3.75,NAN,,2
13,1.3,0.42,0.01,0.01,4.2,NAN,,2
14,1.4,0.435,0.02,0.02,4.35,NAN,,2
15,1.5,0.465,0.035,0.035,4.65,NAN,,2
16,1.6,0.465,0.03,0.03,4.65,NAN,,2
17,1.7,0.495,0.045,0.045,4.95,NAN,,2
18,1.8,0.525,0.045,0.045,5.25,NAN,,2
19,1.9,0.555,0.06,0.06,5.55,NAN,,2
20,2.0,0.57,0.035,0.035,5.7,NAN,,2
21,2.1,0.6,0.035,0.035,6.0,NAN,,2
22,2.2,0.63,0.035,0.035,6.3,NAN,,2
23,2.3,0.66,0.025,0.025,6.6,NAN,,2
24,2.4,0.675,0.02,0.02,6.75,NAN,,2
25,2.5,0.705,0.01,0.01,7.05,NAN,,2
26,2.6,0.705,0.01,0.01,7.05,NAN,,2
27,2.7,0.69,0.015,0.015,6.9,NAN,,2
28,2.8,0.72,0.025,0.025,7.2,NAN,,2
29,2.9,0.735,0.02,0.02,7.35,NAN,,2
30,3.0,0.75,0.025,0.025,7.5,NAN,,2
31,3.1,0.78,0.03,0.03,7.8,NAN,,2
32,3.2,0.81,0.035,0.035,8.1,NAN,,2
33,3.3,0.84,0.045,0.045,8.4,NAN,,2
34,3.4,0.87,0.065,0.065,8.7,NAN,,2
35,3.5,0.885,0.065,0.065,8.85,NAN,,2
36,3.6,0.915,0.08,0.08,9.15,NAN,,2
37,3.7,0.945,0.115,0.115,9.45,NAN,,2
38,3.8,0.975,0.145,0.145,9.75,NAN,,2
39,3.9,1.005,0.16,0.16,10.05,NAN,,2
40,4.0,1.02,0.16,0.16,10.2,NAN,,2
41,4.1,1.05,0.125,0.125,10.5,NAN,,2
42,4.2,1.08,0.1,0.1,10.8,NAN,,2
43,4.3,1.095,0.075,0.075,10.95,NAN,,2
44,4.4,1.125,0.065,0.065,11.25,NAN,,2
45,4.5,1.155,0.05,0.05,11.55,NAN,,2
46,4.6,1.17,0.045,0.045,11.7,NAN,,2
47,4.7,1.2,0.045,0.045,12.0,NAN,,2
48,4.8,1.23,0.05,0.05,12.3,NAN,,2
49,4.9,1.26,0.05,0.05,12.6,NAN,,2
50,5.0,1.29,0.06,0.06,12.9,NAN,,2
51,5.1,1.305,0.07,0.07,13.05,NAN,,2
52,5.2,1.335,0.095,0.095,13.35,NAN,,2
53,5.3,1.365,0.125,0.125,13.65,NAN,,2
54,5.4,1.395,0.12,0.12,13.95,NAN,,2
55,5.5,1.425,0.19,0.19,14.25,NAN,,2
56,5.6,1.44,0.245,0.245,14.4,NAN,,2
57,5.7,1.455,0.285,0.285,14.55,NAN,,2
58,5.8,1.485,0.3,0.3,14.85,NAN,,2
59,5.9,1.515,0.275,0.275,15.15,NAN,,2
60,6.0,1.545,0.235,0.235,15.45,NAN,,2
61,6.1,1.56,0.19,0.19,15.6,NAN,,2
62,6.2,1.59,0.15,0.15,15.9,NAN,,2
63,6.3,1.62,0.115,0.115,16.2,NAN,,2
64,6.4,1.65,0.085,0.085,16.5,NAN,,2
65,6.5,1.68,0.095,0.095,16.8,NAN,,2
66,6.6,1.695,0.08,0.08,16.95,NAN,,2
67,6.7,1.725,0.07,0.07,17.25,NAN,,2
68,6.8,1.755,0.085,0.085,17.55,NAN,,2
69,6.9,1.785,0.1,0.1,17.85,NAN,,2
70,7.0,1.8,0.125,0.125,18.0,NAN,,2
71,7.1,1.815,0.165,0.165,18.15,NAN,,2
72,7.2,1.845,0.18,0.18,18.45,NAN,,2
73,7.3,1.875,0.235,0.235,18.75,NAN,,2
74,7.4,1.905,0.3,0.3,19.05,NAN,,2
75,7.5,1.935,0.34,0.34,19.35,NAN,,2
76,7.6,1.95,0.385,0.385,19.5,NAN,,2
77,7.7,1.98,0.4,0.4,19.8,NAN,,2
78,7.8,2.01,0.41,0.41,20.1,NAN,,2
79,7.9,2.04,0.375,0.375,20.4,NAN,,2
80,8.0,2.055,0.29,0.29,20.55,NAN,,2
81,8.1,2.085,0.24,0.24,20.85,NAN,,2
82,8.2,2.115,0.19,0.19,21.15,NAN,,2
83,8.3,2.13,0.15,0.15,21.3,NAN,,2
84,8.4,2.16,0.155,0.155,21.6,NAN,,2
85,8.5,2.19,0.12,0.12,21.9,NAN,,2
86,8.6,2.205,0.115,0.115,22.05,NAN,,2
87,8.7,2.235,0.115,0.115,22.35,NAN,,2
88,8.8,2.265,0.125,0.125,22.65,NAN,,2
89,8.9,2.295,0.155,0.155,22.95,NAN,,2
90,9.0,2.31,0.2,0.2,23.1,NAN,,2
91,9.1,2.34,0.25,0.25,23.4,NAN,,2
92,9.2,2.37,0.285,0.285,23.7,NAN,,2
93,9.3,2.4,0.34,0.34,24.0,NAN,,2
94,9.4,2.43,0.4,0.4,24.3,NAN,,2
95,9.5,2.445,0.485,0.485,24.45,NAN,,2
96,9.6,2.46,0.525,0.525,24.6,NAN,,2
97,9.7,2.49,0.56,0.56,24.9,NAN,,2
98,9.8,2.52,0.495,0.495,25.2,NAN,,2
99,9.9,2.55,0.45,0.45,25.5,NAN,,2
100,10.0,2.565,0.395,0.395,25.65,NAN,,2
101,10.1,2.595,0.275,0.275,25.95,NAN,,2
102,10.2,2.625,0.825,0.825,26.25,NAN,,2
103,10.3,2.655,0.225,0.225,26.55,NAN,,2
104,10.4,2.685,0.195,0.195,26.85,NAN,,2
105,10.5,2.7,0.185,0.185,27.0,NAN,,2
106,10.6,2.73,0.175,0.175,27.3,NAN,,2
107,10.7,2.76,0.19,0.19,27.6,NAN,,2
108,10.8,2.79,0.215,0.215,27.9,NAN,,2
109,10.9,2.805,0.245,0.245,28.05,NAN,,2
110,11.0,2.82,0.31,0.31,28.2,NAN,,2
111,11.1,2.85,0.35,0.35,28.5,NAN,,2
112,11.2,2.88,0.42,0.42,28.8,NAN,,2
113,11.3,2.91,0.49,0.49,29.1,NAN,,2
114,11.4,2.925,0.555,0.555,29.25,NAN,,2
115,11.5,2.955,0.605,0.605,29.55,NAN,,2
116,11.6,2.985,0.645,0.645,29.85,NAN,,2
117,11.7,3.015,0.65,0.65,30.15,NAN,,2
118,11.8,3.045,0.62,0.62,30.45,NAN,,2
119,11.9,3.06,0.555,0.555,30.6,NAN,,2
120,12.0,3.09,0.5,0.5,30.9,NAN,,2
121,12.1,3.12,0.455,0.455,31.2,NAN,,2
122,12.2,3.135,0.375,0.375,31.35,NAN,,2
123,12.3,3.165,0.335,0.335,31.65,NAN,,2
124,12.4,3.18,0.31,0.31,31.8,NAN,,2
125,12.5,3.195,0.3,0.3,31.95,NAN,,2
126,12.6,3.195,0.3,0.3,31.95,NAN,,2
127,12.7,3.195,0.3,0.3,31.95,NAN,,2
128,12.8,3.195,0.285,0.285,31.95,NAN,,2
129,12.9,3.195,0.285,0.285,31.95,NAN,,2
130,13.0,3.195,0.265,0.265,31.95,NAN,,2
131,13.1,3.195,0.29,0.29,31.95,NAN,,2
132,13.2,3.195,0.285,0.285,31.95,NAN,,2
133,13.3,3.195,0.295,0.295,31.95,NAN,,2
134,13.4,3.195,0.305,0.305,31.95,NAN,,2
135,13.5,3.195,0.275,0.275,31.95,NAN,,2
136,13.6,3.195,0.265,0.265,31.95,NAN,,2
137,13.7,3.195,0.275,0.275,31.95,NAN,,2
138,13.8,3.195,0.27,0.27,31.95,NAN,,2
139,13.9,3.195,0.26,0.26,31.95,NAN,,2
140,14.0,3.195,0.275,0.275,31.95,NAN,,2
141,14.1,3.195,0.26,0.26,31.95,NAN,,2
142,14.2,3.195,0.27,0.27,31.95,NAN,,2
143,14.3,3.195,0.26,0.26,31.95,NAN,,2
144,14.4,3.195,0.26,0.26,31.95,NAN,,2
145,14.5,3.195,0.225,0.225,31.95,NAN,,2
146,14.6,3.195,0.25,0.25,31.95,NAN,,2
147,14.7,3.195,0.255,0.255,31.95,NAN,,2
148,14.8,3.195,0.25,0.25,31.95,NAN,,2
149,14.9,3.195,0.26,0.26,31.95,NAN,,2
150,15.0,3.195,0.25,0.25,31.95,NAN,,2
0,0.0,0.12,0.645,0.645,1.2,NAN,,3
1,0.1,0.225,-0.015,-0.015,2.25,NAN,,3
2,0.2,0.0,-0.01,-0.01,0.0,NAN,,3
3,0.3,0.0,10.245,10.245,0.0,NAN,,3
4,0.4,0.0,-0.04,-0.04,0.0,NAN,,3
5,0.5,0.03,-0.05,-0.05,0.3,NAN,,3
6,0.6,0.21,-0.015,-0.015,2.1,NAN,,3
7,0.7,0.21,-0.005,-0.005,2.1,NAN,,3
8,0.8,0.24,0.0,0.0,2.4,NAN,,3
9,0.9,0.255,-0.045,-0.045,2.55,NAN,,3
10,1.0,0.18,-0.01,-0.01,1.8,NAN,,3
11,1.1,0.18,-0.01,-0.01,1.8,NAN,,3
12,1.2,0.21,-0.01,-0.01,2.1,NAN,,3
13,1.3,0.24,-0.01,-0.01,2.4,NAN,,3
14,1.4,0.27,-0.005,-0.005,2.7,NAN,,3
15,1.5,0.285,-0.03,-0.03,2.85,NAN,,3
16,1.6,0.315,-0.03,-0.03,3.15,NAN,,3
17,1.7,0.33,-0.03,-0.03,3.3,NAN,,3
18,1.8,0.36,0.02,0.02,3.6,NAN,,3
19,1.9,0.39,0.025,0.025,3.9,NAN,,3
20,2.0,0.42,0.045,0.045,4.2,NAN,,3
21,2.1,0.45,0.065,0.065,4.5,NAN,,3
22,2.2,0.465,0.1,0.1,4.65,NAN,,3
23,2.3,0.495,0.14,0.14,4.95,NAN,,3
24,2.4,0.525,0.16,0.16,5.25,NAN,,3
25,2.5,0.555,0.14,0.14,5.55,NAN,,3
26,2.6,0.585,0.09,0.09,5.85,NAN,,3
27,2.7,0.6,-0.01,-0.01,6.0,NAN,,3
28,2.8,0.63,-0.02,-0.02,6.3,NAN,,3
29,2.9,0.645,0.025,0.025,6.45,NAN,,3
30,3.0,0.675,0.015,0.015,6.75,NAN,,3
31,3.1,0.705,0.01,0.01,7.05,NAN,,3
32,3.2,0.735,0.01,0.01,7.35,NAN,,3
33,3.3,0.75,0.025,0.025,7.5,NAN,,3
34,3.4,0.78,0.025,0.025,7.8,NAN,,3
35,3.5,0.81,0.04,0.04,8.1,NAN,,3
36,3.6,0.84,0.065,0.065,8.4,NAN,,3
37,3.7,0.87,0.1,0.1,8.7,NAN,,3
38,3.8,0.885,0.035,0.035,8.85,NAN,,3
39,3.9,0.915,0.08,0.08,9.15,NAN,,3
40,4.0,0.945,0.14,0.14,9.45,NAN,,3
41,4.1,0.975,0.395,0.395,9.75,NAN,,3
42,4.2,0.99,0.47,0.47,9.9,NAN,,3
43,4.3,1.005,0.465,0.465,10.05,NAN,,3
44,4.4,1.035,0.4,0.4,10.35,NAN,,3
45,4.5,1.065,0.28,0.28,10.65,NAN,,3
46,4.6,1.095,0.175,0.175,10.95,NAN,,3
47,4.7,1.125,0.105,0.105,11.25,NAN,,3
48,4.8,1.14,0.065,0.065,11.4,NAN,,3
49,4.9,1.17,0.045,0.045,11.7,NAN,,3
50,5.0,1.2,-0.015,-0.015,12.0,NAN,,3
51,5.1,1.23,-0.01,-0.01,12.3,NAN,,3
52,5.2,1.26,0.065,0.065,12.6,NAN,,3
53,5.3,1.29,0.07,0.07,12.9,NAN,,3
54,5.4,1.32,0.1,0.1,13.2,NAN,,3
55,5.5,1.335,0.18,0.18,13.35,NAN,,3
56,5.6,1.35,0.24,0.24,13.5,NAN,,3
57,5.7,1.38,0.325,0.325,13.8,NAN,,3
58,5.8,1.395,0.425,0.425,13.95,NAN,,3
59,5.9,1.425,0.545,0.545,14.25,NAN,,3
60,6.0,1.455,0.675,0.675,14.55,NAN,,3
61,6.1,1.485,0.76,0.76,14.85,NAN,,3
62,6.2,1.515,0.62,0.62,15.15,NAN,,3
63,6.3,1.53,0.515,0.515,15.3,NAN,,3
64,6.4,1.56,0.555,0.555,15.6,NAN,,3
65,6.5,1.59,0.41,0.41,15.9,NAN,,3
66,6.6,1.62,0.275,0.275,16.2,NAN,,3
67,6.7,1.635,0.175,0.175,16.35,NAN,,3
68,6.8,1.665,0.125,0.125,16.65,NAN,,3
69,6.9,1.68,0.09,0.09,16.8,NAN,,3
70,7.0,1.71,0.095,0.095,17.1,NAN,,3
71,7.1,1.74,0.09,0.09,17.4,NAN,,3
72,7.2,1.77,0.12,0.12,17.7,NAN,,3
73,7.3,1.785,0.165,0.165,17.85,NAN,,3
74,7.4,1.815,0.1,0.1,18.15,NAN,,3
75,7.5,1.845,0.18,0.18,18.45,NAN,,3
76,7.6,1.875,0.435,0.435,18.75,NAN,,3
77,7.7,1.89,0.58,0.58,18.9,NAN,,3
78,7.8,1.92,0.735,0.735,19.2,NAN,,3
79,7.9,1.95,0.88,0.88,19.5,NAN,,3
80,8.0,1.98,1.0,1.0,19.8,NAN,,3
81,8.1,2.01,1.08,1.08,20.1,NAN,,3
82,8.2,2.01,1.0,1.0,20.1,NAN,,3
83,8.3,2.04,0.895,0.895,20.4,NAN,,3
84,8.4,2.07,0.755,0.755,20.7,NAN,,3
85,8.5,2.1,0.42,0.42,21.0,NAN,,3
86,8.6,2.13,0.275,0.275,21.3,NAN,,3
87,8.7,2.145,0.33,0.33,21.45,NAN,,3
88,8.8,2.175,0.31,0.31,21.75,NAN,,3
89,8.9,2.205,0.235,0.235,22.05,NAN,,3
90,9.0,2.235,0.215,0.215,22.35,NAN,,3
91,9.1,2.265,0.205,0.205,22.65,NAN,,3
92,9.2,2.28,0.28,0.28,22.8,NAN,,3
93,9.3,2.31,0.305,0.305,23.1,NAN,,3
94,9.4,2.34,0.455,0.455,23.4,NAN,,3
95,9.5,2.355,0.515,0.515,23.55,NAN,,3
96,9.6,2.385,0.665,0.665,23.85,NAN,,3
97,9.7,2.4,0.705,0.705,24.0,NAN,,3
98,9.8,2.43,0.865,0.865,24.3,NAN,,3
99,9.9,2.46,1.15,1.15,24.6,NAN,,3
100,10.0,2.49,1.265,1.265,24.9,NAN,,3
101,10.1,2.505,1.285,1.285,25.05,NAN,,3
102,10.2,2.535,1.24,1.24,25.35,NAN,,3
103,10.3,2.565,1.13,1.13,25.65,NAN,,3
104,10.4,2.595,0.99,0.99,25.95,NAN,,3
105,10.5,2.625,0.845,0.845,26.25,NAN,,3
106,10.6,2.64,0.715,0.715,26.4,NAN,,3
107,10.7,2.655,0.625,0.625,26.55,NAN,,3
108,10.8,2.685,0.545,0.545,26.85,NAN,,3
109,10.9,2.715,0.355,0.355,27.15,NAN,,3
110,11.0,2.745,0.335,0.335,27.45,NAN,,3
111,11.1,2.76,0.47,0.47,27.6,NAN,,3
112,11.2,2.79,0.505,0.505,27.9,NAN,,3
113,11.3,2.82,0.57,0.57,28.2,NAN,,3
114,11.4,2.85,0.66,0.66,28.5,NAN,,3
115,11.5,2.88,0.79,0.79,28.8,NAN,,3
116,11.6,2.895,0.945,0.945,28.95,NAN,,3
117,11.7,2.925,1.11,1.11,29.25,NAN,,3
118,11.8,2.955,1.275,1.275,29.55,NAN,,3
119,11.9,2.985,1.42,1.42,29.85,NAN,,3
120,12.0,2.985,1.325,1.325,29.85,NAN,,3
121,12.1,3.015,1.485,1.485,30.15,NAN,,3
122,12.2,3.045,1.52,1.52,30.45,NAN,,3
123,12.3,3.075,1.44,1.44,30.75,NAN,,3
124,12.4,3.105,1.335,1.335,31.05,NAN,,3
125,12.5,3.12,1.245,1.245,31.2,NAN,,3
126,12.6,3.15,1.15,1.15,31.5,NAN,,3
127,12.7,3.18,1.05,1.05,31.8,NAN,,3
128,12.8,3.195,1.04,1.04,31.95,NAN,,3
129,12.9,3.195,1.035,1.035,31.95,NAN,,3
130,13.0,3.195,1.03,1.03,31.95,NAN,,3
131,13.1,3.195,1.035,1.035,31.95,NAN,,3
132,13.2,3.195,0.995,0.995,31.95,NAN,,3
133,13.3,3.195,0.985,0.985,31.95,NAN,,3
134,13.4,3.195,1.035,1.035,31.95,NAN,,3
135,13.5,3.195,1.015,1.015,31.95,NAN,,3
136,13.6,3.195,1.02,1.02,31.95,NAN,,3
137,13.7,3.195,0.94,0.94,31.95,NAN,,3
138,13.8,3.195,1.02,1.02,31.95,NAN,,3
139,13.9,3.195,1.02,1.02,31.95,NAN,,3
140,14.0,3.195,1.015,1.015,31.95,NAN,,3
141,14.1,3.195,1.015,1.015,31.95,NAN,,3
142,14.2,3.195,1.015,1.015,31.95,NAN,,3
143,14.3,3.195,1.01,1.01,31.95,NAN,,3
144,14.4,3.195,1.0,1.0,31.95,NAN,,3
145,14.5,3.195,1.035,1.035,31.95,NAN,,3
146,14.6,3.195,1.005,1.005,31.95,NAN,,3
147,14.7,3.195,1.035,1.035,31.95,NAN,,3
148,14.8,3.195,1.005,1.005,31.95,NAN,,3
149,14.9,3.195,1.005,1.005,31.95,NAN,,3
150,15.0,3.195,1.005,1.005,31.95,NAN,,3
0,0.0,0.15,0.305,0.305,1.5,NAN,,4
1,0.1,0.0,-0.055,-0.055,0.0,NAN,,4
2,0.201,0.0,-0.045,-0.045,0.0,NAN,,4
3,0.301,0.0,-0.055,-0.055,0.0,NAN,,4
4,0.401,0.0,-0.05,-0.05,0.0,NAN,,4
5,0.501,0.0,-0.035,-0.035,0.0,NAN,,4
6,0.601,0.03,-0.035,-0.035,0.3,NAN,,4
7,0.701,0.105,-0.02,-0.02,1.05,NAN,,4
8,0.8009999999999999,0.12,-0.01,-0.01,1.2,NAN,,4
9,0.9009999999999999,0.12,-0.04,-0.04,1.2,NAN,,4
10,1.001,0.18,-0.04,-0.04,1.8,NAN,,4
11,1.101,0.18,-0.045,-0.045,1.8,NAN,,4
12,1.2009999999999998,0.195,-0.045,-0.045,1.95,NAN,,4
13,1.301,0.225,-0.04,-0.04,2.25,NAN,,4
14,1.401,0.255,-0.04,-0.04,2.55,NAN,,4
15,1.501,0.27,-0.04,-0.04,2.7,NAN,,4
16,1.601,0.3,-0.04,-0.04,3.0,NAN,,4
17,1.7009999999999998,0.33,-0.025,-0.025,3.3,NAN,,4
18,1.801,0.345,-0.025,-0.025,3.45,NAN,,4
19,1.901,0.375,0.06,0.06,3.75,NAN,,4
20,2.001,0.39,0.11,0.11,3.9,NAN,,4
21,2.101,0.42,0.035,0.035,4.2,NAN,,4
22,2.201,0.45,0.105,0.105,4.5,NAN,,4
23,2.301,0.48,0.21,0.21,4.8,NAN,,4
24,2.401,0.51,0.39,0.39,5.1,NAN,,4
25,2.501,0.645,0.06,0.06,6.45,NAN,,4
26,2.6010000000000004,0.57,0.19,0.19,5.7,NAN,,4
27,2.701,0.585,0.09,0.09,5.85,NAN,,4
28,2.801,0.615,0.01,0.01,6.15,NAN,,4
29,2.9010000000000002,0.645,-0.015,-0.015,6.45,NAN,,4
30,3.0010000000000003,0.675,0.04,0.04,6.75,NAN,,4
31,3.1010000000000004,0.69,0.015,0.015,6.9,NAN,,4
32,3.201,0.705,-0.035,-0.035,7.05,NAN,,4
33,3.301,0.735,-0.025,-0.025,7.35,NAN,,4
34,3.4010000000000002,0.765,-0.025,-0.025,7.65,NAN,,4
35,3.5010000000000003,0.795,-0.015,-0.015,7.95,NAN,,4
36,3.6010000000000004,0.81,0.015,0.015,8.1,NAN,,4
37,3.701,0.84,0.055,0.055,8.4,NAN,,4
38,3.801,0.87,0.11,0.11,8.7,NAN,,4
39,3.9010000000000002,0.9,0.28,0.28,9.0,NAN,,4
40,4.001,0.93,0.415,0.415,9.3,NAN,,4
41,4.101,0.945,0.6,0.6,9.45,NAN,,4
42,4.2010000000000005,0.975,1.025,1.025,9.75,NAN,,4
43,4.301,1.005,1.15,1.15,10.05,NAN,,4
44,4.401,1.035,0.95,0.95,10.35,NAN,,4
45,4.501,1.05,0.755,0.755,10.5,NAN,,4
46,4.601,1.065,0.485,0.485,10.65,NAN,,4
47,4.7010000000000005,1.095,0.27,0.27,10.95,NAN,,4
48,4.801,1.125,0.1,0.1,11.25,NAN,,4
49,4.901,1.155,-0.005,-0.005,11.55,NAN,,4
50,5.001,1.185,-0.005,-0.005,11.85,NAN,,4
51,5.101,1.215,-0.01,-0.01,12.15,NAN,,4
52,5.2010000000000005,1.245,-0.015,-0.015,12.45,NAN,,4
53,5.301,1.305,0.19,0.19,13.05,NAN,,4
54,5.401,1.29,0.13,0.13,12.9,NAN,,4
55,5.501,1.32,0.045,0.045,13.2,NAN,,4
56,5.601,1.335,0.18,0.18,13.35,NAN,,4
57,5.7010000000000005,1.365,0.32,0.32,13.65,NAN,,4
58,5.801,1.38,0.55,0.55,13.8,NAN,,4
59,5.901,1.41,0.795,0.795,14.1,NAN,,4
60,6.001,1.44,1.06,1.06,14.4,NAN,,4
61,6.101,1.455,1.305,1.305,14.55,NAN,,4
62,6.2010000000000005,1.485,1.48,1.48,14.85,NAN,,4
63,6.301,1.515,1.515,1.515,15.15,NAN,,4
64,6.401,1.545,1.335,1.335,15.45,NAN,,4
65,6.501,1.575,1.345,1.345,15.75,NAN,,4
66,6.601,1.59,1.07,1.07,15.9,NAN,,4
67,6.7010000000000005,1.62,0.525,0.525,16.2,NAN,,4
68,6.801,1.65,0.305,0.305,16.5,NAN,,4
69,6.901,1.68,0.15,0.15,16.8,NAN,,4
70,7.001,1.71,0.09,0.09,17.1,NAN,,4
71,7.101,1.71,0.07,0.07,17.1,NAN,,4
72,7.2010000000000005,1.74,0.105,0.105,17.4,NAN,,4
73,7.301,1.77,0.095,0.095,17.7,NAN,,4
74,7.401,1.8,0.14,0.14,18.0,NAN,,4
75,7.501,1.83,0.325,0.325,18.3,NAN,,4
76,7.601,1.845,0.47,0.47,18.45,NAN,,4
77,7.7010000000000005,1.875,0.94,0.94,18.75,NAN,,4
78,7.801,1.905,1.205,1.205,19.05,NAN,,4
79,7.901,1.935,1.285,1.285,19.35,NAN,,4
80,8.001,1.95,1.555,1.555,19.5,NAN,,4
81,8.101,1.98,1.84,1.84,19.8,NAN,,4
82,8.201,2.01,1.95,1.95,20.1,NAN,,4
83,8.301,2.04,1.94,1.94,20.4,NAN,,4
84,8.401,2.055,1.775,1.775,20.55,NAN,,4
85,8.501,2.07,1.61,1.61,20.7,NAN,,4
86,8.601,2.1,1.26,1.26,21.0,NAN,,4
87,8.701,2.13,0.995,0.995,21.3,NAN,,4
88,8.801,2.16,0.795,0.795,21.6,NAN,,4
89,8.901,2.19,0.86,0.86,21.9,NAN,,4
90,9.001,2.205,0.535,0.535,22.05,NAN,,4
91,9.101,2.235,0.49,0.49,22.35,NAN,,4
92,9.201,2.265,0.47,0.47,22.65,NAN,,4
93,9.301,2.295,0.465,0.465,22.95,NAN,,4
94,9.401,2.325,0.535,0.535,23.25,NAN,,4
95,9.501,2.34,0.765,0.765,23.4,NAN,,4
96,9.601,2.37,0.975,0.975,23.7,NAN,,4
97,9.701,2.385,1.125,1.125,23.85,NAN,,4
98,9.801,2.415,1.415,1.415,24.15,NAN,,4
99,9.901,2.445,1.765,1.765,24.45,NAN,,4
100,10.001,2.46,2.335,2.335,24.6,NAN,,4
101,10.101,2.49,2.5,2.5,24.9,NAN,,4
102,10.201,2.52,2.445,2.445,25.2,NAN,,4
103,10.300999999999998,2.55,2.42,2.42,25.5,NAN,,4
104,10.401,2.565,2.285,2.285,25.65,NAN,,4
105,10.501,2.595,2.15,2.15,25.95,NAN,,4
106,10.600999999999999,2.625,1.93,1.93,26.25,NAN,,4
107,10.700999999999999,2.655,1.785,1.785,26.55,NAN,,4
108,10.800999999999998,2.685,1.625,1.625,26.85,NAN,,4
109,10.901,2.7,1.625,1.625,27.0,NAN,,4
110,11.001,2.715,1.37,1.37,27.15,NAN,,4
111,11.100999999999999,2.745,1.27,1.27,27.45,NAN,,4
112,11.200999999999999,2.775,1.42,1.42,27.75,NAN,,4
113,11.300999999999998,2.805,1.195,1.195,28.05,NAN,,4
114,11.401,2.82,1.285,1.285,28.2,NAN,,4
115,11.501,2.85,1.44,1.44,28.5,NAN,,4
116,11.600999999999999,2.88,1.635,1.635,28.8,NAN,,4
117,11.700999999999999,2.91,1.86,1.86,29.1,NAN,,4
118,11.800999999999998,2.94,2.15,2.15,29.4,NAN,,4
119,11.901,2.955,2.44,2.44,29.55,NAN,,4
120,12.001,2.985,2.685,2.685,29.85,NAN,,4
121,12.100999999999999,3.015,2.91,2.91,30.15,NAN,,4
122,12.200999999999999,3.03,3.06,3.06,30.3,NAN,,4
123,12.300999999999998,3.06,3.11,3.11,30.6,NAN,,4
124,12.401,3.075,3.34,3.34,30.75,NAN,,4
125,12.501,3.105,3.06,3.06,31.05,NAN,,4
126,12.600999999999999,3.135,2.96,2.96,31.35,NAN,,4
127,12.700999999999999,3.165,2.88,2.88,31.65,NAN,,4
128,12.800999999999998,3.195,2.81,2.81,31.95,NAN,,4
129,12.901,3.195,2.805,2.805,31.95,NAN,,4
130,13.001,3.195,2.805,2.805,31.95,NAN,,4
131,13.100999999999999,3.195,2.805,2.805,31.95,NAN,,4
132,13.200999999999999,3.195,2.8,2.8,31.95,NAN,,4
133,13.300999999999998,3.195,2.8,2.8,31.95,NAN,,4
134,13.401,3.195,2.805,2.805,31.95,NAN,,4
135,13.501,3.195,3.045,3.045,31.95,NAN,,4
136,13.600999999999999,3.195,3.03,3.03,31.95,NAN,,4
137,13.700999999999999,3.195,2.795,2.795,31.95,NAN,,4
138,13.800999999999998,3.195,2.8,2.8,31.95,NAN,,4
139,13.901,3.195,2.815,2.815,31.95,NAN,,4
140,14.001,3.195,2.83,2.83,31.95,NAN,,4
141,14.100999999999999,3.195,2.82,2.82,31.95,NAN,,4
142,14.200999999999999,3.195,2.77,2.77,31.95,NAN,,4
143,14.300999999999998,3.195,2.805,2.805,31.95,NAN,,4
144,14.401,3.195,2.76,2.76,31.95,NAN,,4
145,14.501,3.195,2.8,2.8,31.95,NAN,,4
146,14.600999999999999,3.195,2.795,2.795,31.95,NAN,,4
147,14.700999999999999,3.195,3.025,3.025,31.95,NAN,,4
148,14.800999999999998,3.195,2.76,2.76,31.95,NAN,,4
149,14.901,3.195,2.89,2.89,31.95,NAN,,4
0,0.0,0.24,-0.02,-0.02,2.4,NAN,,5
1,0.1,0.015,0.01,0.01,0.15,NAN,,5
2,0.2,0.255,0.045,0.045,2.55,NAN,,5
3,0.3,0.21,0.0,0.0,2.1,NAN,,5
4,0.4,0.21,0.12,0.12,2.1,NAN,,5
5,0.5,0.255,0.015,0.015,2.55,NAN,,5
6,0.6,0.315,0.01,0.01,3.15,NAN,,5
7,0.7,0.3,0.015,0.015,3.0,NAN,,5
8,0.8,0.3,0.025,0.025,3.0,NAN,,5
9,0.9740000000000001,0.375,0.07,0.07,3.75,NAN,,5
10,1.0,0.39,0.055,0.055,3.9,NAN,,5
11,1.1,0.405,0.055,0.055,4.05,NAN,,5
12,1.2,0.435,0.1,0.1,4.35,NAN,,5
13,1.3,0.465,0.115,0.115,4.65,NAN,,5
14,1.4,0.495,0.135,0.135,4.95,NAN,,5
15,1.5,0.51,0.175,0.175,5.1,NAN,,5
16,1.6,0.525,0.185,0.185,5.25,NAN,,5
17,1.7,0.555,0.15,0.15,5.55,NAN,,5
18,1.8,0.585,0.105,0.105,5.85,NAN,,5
19,1.9880000000000002,0.63,0.065,0.065,6.3,NAN,,5
20,2.0,0.63,0.045,0.045,6.3,NAN,,5
21,2.1,0.66,0.03,0.03,6.6,NAN,,5
22,2.2,0.69,0.025,0.025,6.9,NAN,,5
23,2.3,0.705,0.02,0.02,7.05,NAN,,5
24,2.4,0.735,0.025,0.025,7.35,NAN,,5
25,2.5,0.765,0.03,0.03,7.65,NAN,,5
26,2.6,0.795,0.04,0.04,7.95,NAN,,5
27,2.7,0.81,0.055,0.055,8.1,NAN,,5
28,2.8,0.84,0.08,0.08,8.4,NAN,,5
29,3.002,0.885,0.135,0.135,8.85,NAN,,5
30,3.015,0.885,0.215,0.215,8.85,NAN,,5
31,3.1,0.9,0.245,0.245,9.0,NAN,,5
32,3.2,0.93,0.3,0.3,9.3,NAN,,5
33,3.3,0.96,0.375,0.375,9.6,NAN,,5
34,3.4,0.975,0.455,0.455,9.75,NAN,,5
35,3.5,1.005,0.47,0.47,10.05,NAN,,5
36,3.6,1.035,0.45,0.45,10.35,NAN,,5
37,3.7,1.065,0.33,0.33,10.65,NAN,,5
38,3.8,1.08,0.225,0.225,10.8,NAN,,5
39,4.016,1.14,0.12,0.12,11.4,NAN,,5
40,4.0280000000000005,1.14,0.1,0.1,11.4,NAN,,5
41,4.1,1.17,0.06,0.06,11.7,NAN,,5
42,4.2,1.2,0.05,0.05,12.0,NAN,,5
43,4.3,1.215,0.04,0.04,12.15,NAN,,5
44,4.4,1.23,0.05,0.05,12.3,NAN,,5
45,4.5,1.26,0.055,0.055,12.6,NAN,,5
46,4.6,1.29,0.085,0.085,12.9,NAN,,5
47,4.7,1.32,0.115,0.115,13.2,NAN,,5
48,4.8,1.335,0.185,0.185,13.35,NAN,,5
49,4.9,1.365,0.265,0.265,13.65,NAN,,5
50,5.046,1.41,0.445,0.445,14.1,NAN,,5
51,5.1,1.425,0.475,0.475,14.25,NAN,,5
52,5.2,1.44,0.595,0.595,14.4,NAN,,5
53,5.3,1.47,0.695,0.695,14.7,NAN,,5
54,5.4,1.5,0.745,0.745,15.0,NAN,,5
55,5.5,1.53,0.705,0.705,15.3,NAN,,5
56,5.6,1.56,0.595,0.595,15.6,NAN,,5
57,5.7,1.575,0.47,0.47,15.75,NAN,,5
58,5.8,1.59,0.345,0.345,15.9,NAN,,5
59,5.9,1.62,0.25,0.25,16.2,NAN,,5
60,6.044,1.665,0.12,0.12,16.65,NAN,,5
61,6.1,1.68,0.095,0.095,16.8,NAN,,5
62,6.2,1.71,0.085,0.085,17.1,NAN,,5
63,6.3,1.725,0.085,0.085,17.25,NAN,,5
64,6.4,1.755,0.09,0.09,17.55,NAN,,5
65,6.5,1.785,0.125,0.125,17.85,NAN,,5
66,6.6,1.815,0.17,0.17,18.15,NAN,,5
67,6.7,1.83,0.255,0.255,18.3,NAN,,5
68,6.8,1.86,0.35,0.35,18.6,NAN,,5
69,6.9,1.89,0.475,0.475,18.9,NAN,,5
70,7.074,1.935,0.785,0.785,19.35,NAN,,5
71,7.1,1.935,0.755,0.755,19.35,NAN,,5
72,7.2,1.95,0.895,0.895,19.5,NAN,,5
73,7.3,1.98,0.98,0.98,19.8,NAN,,5
74,7.4,2.01,1.015,1.015,20.1,NAN,,5
75,7.5,2.025,0.92,0.92,20.25,NAN,,5
76,7.6,2.055,0.795,0.795,20.55,NAN,,5
77,7.7,2.085,0.645,0.645,20.85,NAN,,5
78,7.8,2.115,0.505,0.505,21.15,NAN,,5
79,7.9,2.145,0.38,0.38,21.45,NAN,,5
80,8.072000000000001,2.19,0.335,0.335,21.9,NAN,,5
81,8.1,2.19,0.235,0.235,21.9,NAN,,5
82,8.2,2.205,0.235,0.235,22.05,NAN,,5
83,8.3,2.235,0.195,0.195,22.35,NAN,,5
84,8.4,2.265,0.21,0.21,22.65,NAN,,5
85,8.5,2.295,0.255,0.255,22.95,NAN,,5
86,8.6,2.31,0.34,0.34,23.1,NAN,,5
87,8.7,2.34,0.435,0.435,23.4,NAN,,5
88,8.8,2.37,0.56,0.56,23.7,NAN,,5
89,8.9,2.4,0.705,0.705,24.0,NAN,,5
90,9.086,2.445,1.085,1.085,24.45,NAN,,5
91,9.1,2.445,1.01,1.01,24.45,NAN,,5
92,9.2,2.475,1.15,1.15,24.75,NAN,,5
93,9.3,2.505,1.2,1.2,25.05,NAN,,5
94,9.4,2.535,1.205,1.205,25.35,NAN,,5
95,9.5,2.55,1.125,1.125,25.5,NAN,,5
96,9.6,2.58,0.97,0.97,25.8,NAN,,5
97,9.7,2.61,0.88,0.88,26.1,NAN,,5
98,9.8,2.625,0.755,0.755,26.25,NAN,,5
99,9.9,2.655,0.63,0.63,26.55,NAN,,5
100,10.1,2.7,0.485,0.485,27.0,NAN,,5
101,10.113,2.7,0.545,0.545,27.0,NAN,,5
102,10.2,2.73,0.45,0.45,27.3,NAN,,5
103,10.3,2.76,0.43,0.43,27.6,NAN,,5
104,10.4,2.79,0.435,0.435,27.9,NAN,,5
105,10.5,2.82,0.33,0.33,28.2,NAN,,5
106,10.6,2.835,0.56,0.56,28.35,NAN,,5
107,10.7,2.865,0.65,0.65,28.65,NAN,,5
108,10.8,2.88,0.785,0.785,28.8,NAN,,5
109,10.9,2.91,0.97,0.97,29.1,NAN,,5
110,11.114,2.955,1.315,1.315,29.55,NAN,,5
111,11.126,2.97,1.37,1.37,29.7,NAN,,5
112,11.2,2.985,1.375,1.375,29.85,NAN,,5
113,11.3,3.015,1.455,1.455,30.15,NAN,,5
114,11.4,3.045,1.45,1.45,30.45,NAN,,5
115,11.5,3.06,1.405,1.405,30.6,NAN,,5
116,11.6,3.09,1.34,1.34,30.9,NAN,,5
117,11.7,3.105,1.245,1.245,31.05,NAN,,5
118,11.8,3.135,1.17,1.17,31.35,NAN,,5
119,11.9,3.15,1.1,1.1,31.5,NAN,,5
120,12.0,3.165,1.08,1.08,31.65,NAN,,5
121,12.144,3.18,1.075,1.075,31.8,NAN,,5
122,12.2,3.18,1.0,1.0,31.8,NAN,,5
123,12.3,3.18,0.995,0.995,31.8,NAN,,5
124,12.4,3.18,0.995,0.995,31.8,NAN,,5
125,12.503,3.18,1.05,1.05,31.8,NAN,,5
126,12.6,3.18,1.005,1.005,31.8,NAN,,5
127,12.7,3.18,1.0,1.0,31.8,NAN,,5
128,12.8,3.18,0.885,0.885,31.8,NAN,,5
129,12.9,3.18,0.99,0.99,31.8,NAN,,5
130,13.0,3.18,1.0,1.0,31.8,NAN,,5
131,13.142000000000001,3.18,1.015,1.015,31.8,NAN,,5
132,13.2,3.18,0.995,0.995,31.8,NAN,,5
133,13.3,3.18,0.995,0.995,31.8,NAN,,5
134,13.4,3.18,0.995,0.995,31.8,NAN,,5
135,13.5,3.18,0.995,0.995,31.8,NAN,,5
136,13.6,3.18,1.005,1.005,31.8,NAN,,5
137,13.7,3.18,1.005,1.005,31.8,NAN,,5
138,13.8,3.18,1.0,1.0,31.8,NAN,,5
139,13.9,3.18,1.0,1.0,31.8,NAN,,5
140,14.0,3.18,0.94,0.94,31.8,NAN,,5
141,14.155999999999999,3.18,0.865,0.865,31.8,NAN,,5
142,0.0,0.135,0.0,0.0,1.35,NAN,,5
143,0.10099999999999999,0.15,0.03,0.03,1.5,NAN,,5
144,0.21100000000000002,0.075,-0.03,-0.03,0.75,NAN,,5
145,0.304,0.0,-0.01,-0.01,0.0,NAN,,5
146,0.413,0.0,-0.025,-0.025,0.0,NAN,,5
147,0.507,0.0,-0.02,-0.02,0.0,NAN,,5
148,0.601,0.0,0.0,0.0,0.0,NAN,,5
149,0.71,0.0,-0.02,-0.02,0.0,NAN,,5
150,0.8029999999999999,0.0,-0.005,-0.005,0.0,NAN,,5
151,0.9129999999999999,0.0,-0.02,-0.02,0.0,NAN,,5
152,1.006,0.0,-0.015,-0.015,0.0,NAN,,5
153,1.1,0.0,0.0,0.0,0.0,NAN,,5
154,1.209,0.0,-0.04,-0.04,0.0,NAN,,5
155,1.3030000000000002,0.0,0.02,0.02,0.0,NAN,,5
156,1.412,0.0,-0.02,-0.02,0.0,NAN,,5
157,1.505,0.0,-0.015,-0.015,0.0,NAN,,5
158,1.615,0.0,-0.015,-0.015,0.0,NAN,,5
159,1.7080000000000002,0.0,0.785,0.785,0.0,NAN,,5
160,1.8019999999999998,0.0,0.005,0.005,0.0,NAN,,5
161,1.911,0.0,-0.025,-0.025,0.0,NAN,,5
162,2.005,0.0,-0.015,-0.015,0.0,NAN,,5
163,2.114,0.0,-0.02,-0.02,0.0,NAN,,5
164,2.207,0.0,-0.015,-0.015,0.0,NAN,,5
165,2.301,0.0,0.005,0.005,0.0,NAN,,5
166,2.41,0.0,-0.045,-0.045,0.0,NAN,,5
167,2.504,0.0,0.0,0.0,0.0,NAN,,5
168,2.613,0.0,-0.02,-0.02,0.0,NAN,,5
169,2.707,0.0,-0.01,-0.01,0.0,NAN,,5
170,2.8,0.0,0.0,0.0,0.0,NAN,,5
171,2.909,0.0,-0.025,-0.025,0.0,NAN,,5
172,3.003,0.0,0.005,0.005,0.0,NAN,,5
173,3.112,0.0,-0.02,-0.02,0.0,NAN,,5
174,3.2060000000000004,0.0,-0.02,-0.02,0.0,NAN,,5
175,3.3,0.0,0.0,0.0,0.0,NAN,,5
176,3.409,0.0,-0.02,-0.02,0.0,NAN,,5
177,3.502,0.0,0.01,0.01,0.0,NAN,,5
178,3.611,0.0,-0.05,-0.05,0.0,NAN,,5
179,3.705,0.0,-0.005,-0.005,0.0,NAN,,5
180,3.8139999999999996,0.0,-0.01,-0.01,0.0,NAN,,5
181,3.908,0.0,-0.02,-0.02,0.0,NAN,,5
182,4.001,0.0,0.005,0.005,0.0,NAN,,5
183,4.111000000000001,0.0,-0.02,-0.02,0.0,NAN,,5
184,4.204,0.0,-0.015,-0.015,0.0,NAN,,5
185,4.313,0.0,-0.005,-0.005,0.0,NAN,,5
186,4.407,0.0,-0.02,-0.02,0.0,NAN,,5
187,4.501,0.0,0.0,0.0,0.0,NAN,,5
188,4.61,0.0,-0.045,-0.045,0.0,NAN,,5
189,4.703,0.0,0.0,0.0,0.0,NAN,,5
190,4.813,0.0,-0.025,-0.025,0.0,NAN,,5
191,4.906000000000001,0.0,-0.015,-0.015,0.0,NAN,,5
192,5.0,0.0,0.01,0.01,0.0,NAN,,5
193,5.109,0.0,-0.02,-0.02,0.0,NAN,,5
194,5.202999999999999,0.0,-0.01,-0.01,0.0,NAN,,5
195,5.312,0.0,-0.015,-0.015,0.0,NAN,,5
196,5.405,0.0,-0.01,-0.01,0.0,NAN,,5
197,5.515,0.0,0.0,0.0,0.0,NAN,,5
198,5.608,0.0,-0.02,-0.02,0.0,NAN,,5
199,5.702000000000001,0.0,-0.005,-0.005,0.0,NAN,,5
200,5.811,0.0,-0.04,-0.04,0.0,NAN,,5
201,5.905,0.0,0.0,0.0,0.0,NAN,,5
202,6.013999999999999,0.0,0.055,0.055,0.0,NAN,,5
203,6.107,0.0,-0.02,-0.02,0.0,NAN,,5
204,6.2010000000000005,0.0,-0.005,-0.005,0.0,NAN,,5
205,6.31,0.0,-0.02,-0.02,0.0,NAN,,5
206,6.404,0.0,-0.005,-0.005,0.0,NAN,,5
207,6.513,0.0,-0.01,-0.01,0.0,NAN,,5
208,6.606,0.0,-0.015,-0.015,0.0,NAN,,5
209,6.7,0.0,0.01,0.01,0.0,NAN,,5
210,6.809,0.0,-0.015,-0.015,0.0,NAN,,5
211,6.903,0.0,0.0,0.0,0.0,NAN,,5
212,7.0120000000000005,0.0,0.0,0.0,0.0,NAN,,5
213,7.106,0.0,-0.04,-0.04,0.0,NAN,,5
214,7.2,0.0,0.025,0.025,0.0,NAN,,5
215,7.308,0.0,-0.02,-0.02,0.0,NAN,,5
216,7.402,0.0,0.0,0.0,0.0,NAN,,5
217,7.511,0.0,-0.01,-0.01,0.0,NAN,,5
218,7.605,0.0,-0.02,-0.02,0.0,NAN,,5
219,7.7139999999999995,0.0,0.005,0.005,0.0,NAN,,5
220,7.808,0.0,-0.02,-0.02,0.0,NAN,,5
221,7.901,0.0,0.0,0.0,0.0,NAN,,5
222,8.01,0.0,-0.005,-0.005,0.0,NAN,,5
223,8.104,0.0,-0.02,-0.02,0.0,NAN,,5
224,8.213,0.0,0.05,0.05,0.0,NAN,,5
225,8.307,0.0,-0.045,-0.045,0.0,NAN,,5
226,8.4,0.0,-0.005,-0.005,0.0,NAN,,5
227,8.51,0.0,-0.015,-0.015,0.0,NAN,,5
228,8.603,0.0,-0.01,-0.01,0.0,NAN,,5
229,8.712,0.0,0.0,0.0,0.0,NAN,,5
230,8.806000000000001,0.0,-0.015,-0.015,0.0,NAN,,5
231,8.9,0.0,-0.01,-0.01,0.0,NAN,,5
232,9.009,0.0,-0.01,-0.01,0.0,NAN,,5
233,9.102,0.0,-0.015,-0.015,0.0,NAN,,5
234,9.212,0.0,-0.005,-0.005,0.0,NAN,,5
235,9.305,0.0,-0.04,-0.04,0.0,NAN,,5
236,9.414,0.0,0.04,0.04,0.0,NAN,,5
237,9.508,0.0,-0.04,-0.04,0.0,NAN,,5
238,9.602,0.0,-0.01,-0.01,0.0,NAN,,5
239,9.711,0.0,0.0,0.0,0.0,NAN,,5
240,9.804,0.0,-0.015,-0.015,0.0,NAN,,5
241,9.914,0.0,0.01,0.01,0.0,NAN,,5
242,10.007,0.0,-0.015,-0.015,0.0,NAN,,5
243,10.101,0.0,-0.01,-0.01,0.0,NAN,,5
244,10.21,0.0,-0.005,-0.005,0.0,NAN,,5
245,10.304,0.0,-0.015,-0.015,0.0,NAN,,5
246,10.413,0.0,0.045,0.045,0.0,NAN,,5
247,10.505999999999998,0.0,-0.035,-0.035,0.0,NAN,,5
248,10.6,0.0,0.005,0.005,0.0,NAN,,5
249,10.709000000000001,0.0,-0.02,-0.02,0.0,NAN,,5
250,10.802999999999999,0.0,-0.015,-0.015,0.0,NAN,,5
251,10.912,0.0,0.005,0.005,0.0,NAN,,5
252,11.005999999999998,0.0,-0.02,-0.02,0.0,NAN,,5
253,11.115,0.0,0.01,0.01,0.0,NAN,,5
254,11.208,0.0,-0.005,-0.005,0.0,NAN,,5
255,11.302,0.0,-0.01,-0.01,0.0,NAN,,5
256,11.411,0.0,0.0,0.0,0.0,NAN,,5
257,11.505,0.0,-0.02,-0.02,0.0,NAN,,5
258,11.614,0.0,0.035,0.035,0.0,NAN,,5
259,11.707,0.0,-0.01,-0.01,0.0,NAN,,5
260,11.800999999999998,0.0,-0.04,-0.04,0.0,NAN,,5
261,11.91,0.0,0.005,0.005,0.0,NAN,,5
262,12.004000000000001,0.0,-0.015,-0.015,0.0,NAN,,5
263,12.113,0.0,0.005,0.005,0.0,NAN,,5
264,12.207,0.0,-0.01,-0.01,0.0,NAN,,5
265,12.3,0.0,-0.01,-0.01,0.0,NAN,,5
266,12.409,0.0,0.005,0.005,0.0,NAN,,5
267,12.503,0.0,-0.02,-0.02,0.0,NAN,,5
268,12.612,0.0,0.01,0.01,0.0,NAN,,5
269,12.706,0.0,-0.03,-0.03,0.0,NAN,,5
270,12.8,0.0,0.005,0.005,0.0,NAN,,5
271,12.909,0.0,0.05,0.05,0.0,NAN,,5
272,13.002,0.0,-0.05,-0.05,0.0,NAN,,5
273,13.110999999999999,0.0,0.01,0.01,0.0,NAN,,5
274,13.205,0.0,-0.015,-0.015,0.0,NAN,,5
275,13.314,0.0,0.005,0.005,0.0,NAN,,5
276,13.408,0.0,-0.01,-0.01,0.0,NAN,,5
277,13.501,0.0,-0.015,-0.015,0.0,NAN,,5
278,13.610999999999999,0.0,0.01,0.01,0.0,NAN,,5
279,13.704,0.0,-0.025,-0.025,0.0,NAN,,5
280,13.812999999999999,0.0,0.005,0.005,0.0,NAN,,5
281,13.907,0.0,-0.01,-0.01,0.0,NAN,,5
282,14.001,0.0,-0.035,-0.035,0.0,NAN,,5
283,14.11,0.0,0.045,0.045,0.0,NAN,,5
284,14.204,0.0,-0.04,-0.04,0.0,NAN,,5
285,14.312999999999999,0.0,0.01,0.01,0.0,NAN,,5
286,14.405999999999999,0.0,0.0,0.0,0.0,NAN,,5
287,14.5,0.0,-0.015,-0.015,0.0,NAN,,5
288,14.609000000000002,0.0,0.005,0.005,0.0,NAN,,5
289,14.703,0.0,-0.015,-0.015,0.0,NAN,,5
290,14.812000000000001,0.0,0.01,0.01,0.0,NAN,,5
291,14.905,0.0,-0.005,-0.005,0.0,NAN,,5
0,0.0,0.105,0.03,0.03,1.05,NAN,,6
1,0.1,0.06,0.04,0.04,0.6,NAN,,6
2,0.201,0.03,0.035,0.035,0.3,NAN,,6
3,0.301,0.105,0.435,0.435,1.05,NAN,,6
4,0.401,0.135,0.035,0.035,1.35,NAN,,6
5,0.501,0.105,0.405,0.405,1.05,NAN,,6
6,0.601,0.135,0.02,0.02,1.35,NAN,,6
7,0.701,0.0,-0.03,-0.03,0.0,NAN,,6
8,0.8009999999999999,0.0,-0.025,-0.025,0.0,NAN,,6
9,0.9009999999999999,0.0,-0.035,-0.035,0.0,NAN,,6
10,1.001,0.015,-0.015,-0.015,0.15,NAN,,6
11,1.101,0.03,0.17,0.17,0.3,NAN,,6
12,1.2009999999999998,0.15,0.01,0.01,1.5,NAN,,6
13,1.301,0.18,-0.005,-0.005,1.8,NAN,,6
14,1.401,0.27,0.17,0.17,2.7,NAN,,6
15,1.501,0.285,0.005,0.005,2.85,NAN,,6
16,1.601,0.18,0.215,0.215,1.8,NAN,,6
17,1.7009999999999998,0.195,0.05,0.05,1.95,NAN,,6
18,1.801,0.21,0.13,0.13,2.1,NAN,,6
19,1.901,0.33,0.0,0.0,3.3,NAN,,6
20,2.001,0.285,0.535,0.535,2.85,NAN,,6
21,2.101,0.465,0.41,0.41,4.65,NAN,,6
22,2.201,0.45,0.44,0.44,4.5,NAN,,6
23,2.301,0.45,0.72,0.72,4.5,NAN,,6
24,2.401,0.48,0.745,0.745,4.8,NAN,,6
25,2.501,0.495,0.75,0.75,4.95,NAN,,6
26,2.6010000000000004,0.435,0.52,0.52,4.35,NAN,,6
27,2.701,0.495,1.0,1.0,4.95,NAN,,6
28,2.801,0.57,0.615,0.615,5.7,NAN,,6
29,2.9010000000000002,0.585,0.535,0.535,5.85,NAN,,6
30,3.0010000000000003,0.6,0.515,0.515,6.0,NAN,,6
31,3.1010000000000004,0.6,0.475,0.475,6.0,NAN,,6
32,3.201,0.615,0.39,0.39,6.15,NAN,,6
33,3.301,0.6,0.18,0.18,6.0,NAN,,6
34,3.4010000000000002,0.63,0.04,0.04,6.3,NAN,,6
35,3.5010000000000003,0.72,0.08,0.08,7.2,NAN,,6
36,3.6010000000000004,0.69,0.185,0.185,6.9,NAN,,6
37,3.701,0.765,0.025,0.025,7.65,NAN,,6
38,3.801,0.75,0.135,0.135,7.5,NAN,,6
39,3.9010000000000002,0.765,0.16,0.16,7.65,NAN,,6
40,4.001,0.795,0.255,0.255,7.95,NAN,,6
41,4.101,0.825,0.3,0.3,8.25,NAN,,6
42,4.2010000000000005,0.87,0.83,0.83,8.7,NAN,,6
43,4.301,0.93,1.49,1.49,9.3,NAN,,6
44,4.401,0.975,1.86,1.86,9.75,NAN,,6
45,4.501,1.005,1.99,1.99,10.05,NAN,,6
46,4.601,1.035,1.72,1.72,10.35,NAN,,6
47,4.7010000000000005,1.065,1.47,1.47,10.65,NAN,,6
48,4.801,1.08,1.21,1.21,10.8,NAN,,6
49,4.901,1.11,0.47,0.47,11.1,NAN,,6
50,5.001,1.14,0.11,0.11,11.4,NAN,,6
51,5.101,1.17,0.235,0.235,11.7,NAN,,6
52,5.2010000000000005,1.185,0.15,0.15,11.85,NAN,,6
53,5.301,1.23,0.12,0.12,12.3,NAN,,6
54,5.401,1.26,0.155,0.155,12.6,NAN,,6
55,5.501,1.275,0.165,0.165,12.75,NAN,,6
56,5.601,1.29,0.33,0.33,12.9,NAN,,6
57,5.7010000000000005,1.32,0.445,0.445,13.2,NAN,,6
58,5.801,1.32,0.485,0.485,13.2,NAN,,6
59,5.901,1.32,0.585,0.585,13.2,NAN,,6
60,6.001,1.32,0.465,0.465,13.2,NAN,,6
61,6.101,1.335,0.805,0.805,13.35,NAN,,6
62,6.2010000000000005,1.365,1.135,1.135,13.65,NAN,,6
63,6.301,1.395,1.36,1.36,13.95,NAN,,6
64,6.401,1.41,1.905,1.905,14.1,NAN,,6
65,6.501,1.44,2.285,2.285,14.4,NAN,,6
66,6.601,1.47,2.71,2.71,14.7,NAN,,6
67,6.7010000000000005,1.5,2.96,2.96,15.0,NAN,,6
68,6.801,1.53,2.9,2.9,15.3,NAN,,6
69,6.901,1.545,2.545,2.545,15.45,NAN,,6
70,7.001,1.575,2.11,2.11,15.75,NAN,,6
71,7.101,1.59,1.57,1.57,15.9,NAN,,6
72,7.2010000000000005,1.62,0.965,0.965,16.2,NAN,,6
73,7.301,1.65,0.735,0.735,16.5,NAN,,6
74,7.401,1.665,0.535,0.535,16.65,NAN,,6
75,7.501,1.695,0.415,0.415,16.95,NAN,,6
76,7.601,1.725,0.405,0.405,17.25,NAN,,6
77,7.7010000000000005,1.755,0.42,0.42,17.55,NAN,,6
78,7.801,1.785,0.54,0.54,17.85,NAN,,6
79,7.901,1.8,0.715,0.715,18.0,NAN,,6
80,8.001,1.83,0.995,0.995,18.3,NAN,,6
81,8.101,1.86,1.37,1.37,18.6,NAN,,6
82,8.201,1.89,1.71,1.71,18.9,NAN,,6
83,8.301,1.92,2.455,2.455,19.2,NAN,,6
84,8.401,1.92,2.78,2.78,19.2,NAN,,6
85,8.501,1.95,3.435,3.435,19.5,NAN,,6
86,8.601,1.98,3.785,3.785,19.8,NAN,,6
87,8.701,2.01,3.94,3.94,20.1,NAN,,6
88,8.801,2.04,3.75,3.75,20.4,NAN,,6
89,8.901,2.055,3.365,3.365,20.55,NAN,,6
90,9.001,2.085,2.84,2.84,20.85,NAN,,6
91,9.101,2.115,2.31,2.31,21.15,NAN,,6
92,9.201,2.145,1.85,1.85,21.45,NAN,,6
93,9.301,2.175,1.525,1.525,21.75,NAN,,6
94,9.401,2.19,1.175,1.175,21.9,NAN,,6
95,9.501,2.22,1.135,1.135,22.2,NAN,,6
96,9.601,2.25,1.255,1.255,22.5,NAN,,6
97,9.701,2.265,0.985,0.985,22.65,NAN,,6
98,9.801,2.295,1.18,1.18,22.95,NAN,,6
99,9.901,2.31,1.285,1.285,23.1,NAN,,6
100,10.001,2.34,1.715,1.715,23.4,NAN,,6
101,10.101,2.37,2.11,2.11,23.7,NAN,,6
102,10.201,2.4,2.65,2.65,24.0,NAN,,6
103,10.300999999999998,2.43,3.265,3.265,24.3,NAN,,6
104,10.401,2.445,3.875,3.875,24.45,NAN,,6
105,10.501,2.475,4.295,4.295,24.75,NAN,,6
106,10.600999999999999,2.505,4.67,4.67,25.05,NAN,,6
107,10.700999999999999,2.535,4.935,4.935,25.35,NAN,,6
108,10.800999999999998,2.55,4.84,4.84,25.5,NAN,,6
109,10.901,2.565,4.435,4.435,25.65,NAN,,6
110,11.001,2.595,4.13,4.13,25.95,NAN,,6
111,11.100999999999999,2.625,3.68,3.68,26.25,NAN,,6
112,11.200999999999999,2.655,3.26,3.26,26.55,NAN,,6
113,11.300999999999998,2.685,2.915,2.915,26.85,NAN,,6
114,11.401,2.715,2.68,2.68,27.15,NAN,,6
115,11.501,2.745,2.485,2.485,27.45,NAN,,6
116,11.600999999999999,2.775,2.35,2.35,27.75,NAN,,6
117,11.700999999999999,2.79,2.35,2.35,27.9,NAN,,6
118,11.800999999999998,2.82,2.515,2.515,28.2,NAN,,6
119,11.901,2.85,2.87,2.87,28.5,NAN,,6
120,12.001,2.88,3.295,3.295,28.8,NAN,,6
121,12.100999999999999,2.91,3.59,3.59,29.1,NAN,,6
122,12.200999999999999,2.91,4.065,4.065,29.1,NAN,,6
123,12.300999999999998,2.94,4.92,4.92,29.4,NAN,,6
124,12.401,2.97,5.505,5.505,29.7,NAN,,6
125,12.501,2.985,5.95,5.95,29.85,NAN,,6
126,12.600999999999999,3.03,6.37,6.37,30.3,NAN,,6
127,12.700999999999999,3.06,6.45,6.45,30.6,NAN,,6
128,12.800999999999998,3.075,6.37,6.37,30.75,NAN,,6
129,12.901,3.105,6.245,6.245,31.05,NAN,,6
130,13.001,3.135,6.02,6.02,31.35,NAN,,6
131,13.100999999999999,3.165,5.93,5.93,31.65,NAN,,6
132,13.200999999999999,3.18,5.75,5.75,31.8,NAN,,6
133,13.300999999999998,3.195,5.565,5.565,31.95,NAN,,6
134,13.401,3.195,5.705,5.705,31.95,NAN,,6
135,13.501,3.195,5.67,5.67,31.95,NAN,,6
136,13.600999999999999,3.195,5.71,5.71,31.95,NAN,,6
137,13.700999999999999,3.195,5.7,5.7,31.95,NAN,,6
138,13.800999999999998,3.195,5.695,5.695,31.95,NAN,,6
139,13.901,3.195,5.62,5.62,31.95,NAN,,6
140,14.001,3.18,5.755,5.755,31.8,NAN,,6
141,14.100999999999999,3.18,5.72,5.72,31.8,NAN,,6
142,14.200999999999999,3.195,5.71,5.71,31.95,NAN,,6
143,14.300999999999998,3.195,5.745,5.745,31.95,NAN,,6
144,14.401,3.195,5.695,5.695,31.95,NAN,,6
145,14.501,3.18,5.77,5.77,31.8,NAN,,6
146,14.600999999999999,3.18,5.635,5.635,31.8,NAN,,6
147,14.700999999999999,3.18,5.775,5.775,31.8,NAN,,6
148,14.800999999999998,3.18,5.645,5.645,31.8,NAN,,6
149,14.901,3.195,5.66,5.66,31.95,NAN,,6
0,0.0,0.15,0.47,0.47,1.5,NAN,,7
1,0.1,0.075,-0.03,-0.03,0.75,NAN,,7
2,0.2,0.12,-0.03,-0.03,1.2,NAN,,7
3,0.374,0.165,0.015,0.015,1.65,NAN,,7
4,0.4,0.165,0.0,0.0,1.65,NAN,,7
5,0.5,0.12,-0.03,-0.03,1.2,NAN,,7
6,0.6,0.12,0.075,0.075,1.2,NAN,,7
7,0.7,0.0,-0.015,-0.015,0.0,NAN,,7
8,0.8,0.0,0.865,0.865,0.0,NAN,,7
9,0.9,0.0,0.005,0.005,0.0,NAN,,7
10,1.0,0.09,-0.04,-0.04,0.9,NAN,,7
11,1.1,0.135,0.21,0.21,1.35,NAN,,7
12,1.2,0.09,-0.01,-0.01,0.9,NAN,,7
13,1.3880000000000001,0.18,-0.04,-0.04,1.8,NAN,,7
14,1.402,0.225,-0.025,-0.025,2.25,NAN,,7
15,1.5,0.18,-0.035,-0.035,1.8,NAN,,7
16,1.6,0.315,0.04,0.04,3.15,NAN,,7
17,1.7,0.36,0.05,0.05,3.6,NAN,,7
18,1.8,0.375,0.22,0.22,3.75,NAN,,7
19,1.9,0.345,0.01,0.01,3.45,NAN,,7
20,2.0,0.36,0.105,0.105,3.6,NAN,,7
21,2.1,0.39,0.04,0.04,3.9,NAN,,7
22,2.2,0.465,0.255,0.255,4.65,NAN,,7
23,2.4019999999999997,0.51,0.225,0.225,5.1,NAN,,7
24,2.415,0.51,0.14,0.14,5.1,NAN,,7
25,2.5,0.54,0.5,0.5,5.4,NAN,,7
26,2.6,0.525,0.52,0.52,5.25,NAN,,7
27,2.7,0.585,0.215,0.215,5.85,NAN,,7
28,2.8,0.6,0.27,0.27,6.0,NAN,,7
29,2.9,0.54,0.475,0.475,5.4,NAN,,7
30,3.0,0.54,0.39,0.39,5.4,NAN,,7
31,3.1,0.57,0.255,0.255,5.7,NAN,,7
32,3.2,0.6,0.12,0.12,6.0,NAN,,7
33,3.4160000000000004,0.66,0.03,0.03,6.6,NAN,,7
34,3.43,0.66,0.075,0.075,6.6,NAN,,7
35,3.5,0.675,0.015,0.015,6.75,NAN,,7
36,3.6,0.705,0.015,0.015,7.05,NAN,,7
37,3.7,0.735,0.025,0.025,7.35,NAN,,7
38,3.8,0.765,0.035,0.035,7.65,NAN,,7
39,3.9,0.795,0.055,0.055,7.95,NAN,,7
40,4.0,0.81,0.145,0.145,8.1,NAN,,7
41,4.1,0.84,0.22,0.22,8.4,NAN,,7
42,4.2,0.855,0.33,0.33,8.55,NAN,,7
43,4.3,0.885,0.48,0.48,8.85,NAN,,7
44,4.446000000000001,0.93,0.88,0.88,9.3,NAN,,7
45,4.5,0.93,0.92,0.92,9.3,NAN,,7
46,4.6,0.96,1.1,1.1,9.6,NAN,,7
47,4.7,0.99,1.25,1.25,9.9,NAN,,7
48,4.8,1.02,1.19,1.19,10.2,NAN,,7
49,4.9,1.05,0.92,0.92,10.5,NAN,,7
50,5.0,1.065,0.625,0.625,10.65,NAN,,7
51,5.1,1.095,0.38,0.38,10.95,NAN,,7
52,5.2,1.125,0.21,0.21,11.25,NAN,,7
53,5.3,1.155,0.095,0.095,11.55,NAN,,7
54,5.444,1.185,0.09,0.09,11.85,NAN,,7
55,5.5,1.185,0.05,0.05,11.85,NAN,,7
56,5.6,1.215,0.05,0.05,12.15,NAN,,7
57,5.7,1.245,0.085,0.085,12.45,NAN,,7
58,5.8,1.275,0.18,0.18,12.75,NAN,,7
59,5.9,1.305,0.31,0.31,13.05,NAN,,7
60,6.0,1.335,0.47,0.47,13.35,NAN,,7
61,6.1,1.365,0.65,0.65,13.65,NAN,,7
62,6.2,1.38,0.875,0.875,13.8,NAN,,7
63,6.3,1.41,1.145,1.145,14.1,NAN,,7
64,6.457999999999999,1.455,1.645,1.645,14.55,NAN,,7
65,6.5,1.47,1.76,1.76,14.7,NAN,,7
66,6.6,1.485,1.94,1.94,14.85,NAN,,7
67,6.7,1.515,1.9,1.9,15.15,NAN,,7
68,6.8,1.53,1.655,1.655,15.3,NAN,,7
69,6.9,1.56,1.315,1.315,15.6,NAN,,7
70,7.0,1.59,0.95,0.95,15.9,NAN,,7
71,7.1,1.605,0.625,0.625,16.05,NAN,,7
72,7.2,1.635,0.395,0.395,16.35,NAN,,7
73,7.3,1.665,0.26,0.26,16.65,NAN,,7
74,7.4879999999999995,1.71,0.3,0.3,17.1,NAN,,7
75,7.5,1.71,0.195,0.195,17.1,NAN,,7
76,7.6,1.74,0.2,0.2,17.4,NAN,,7
77,7.7,1.77,0.285,0.285,17.7,NAN,,7
78,7.8,1.8,0.425,0.425,18.0,NAN,,7
79,7.9,1.83,0.61,0.61,18.3,NAN,,7
80,8.0,1.845,0.85,0.85,18.45,NAN,,7
81,8.1,1.86,1.135,1.135,18.6,NAN,,7
82,8.2,1.89,1.52,1.52,18.9,NAN,,7
83,8.3,1.92,1.875,1.875,19.2,NAN,,7
84,8.486,1.965,2.585,2.585,19.65,NAN,,7
85,8.5,1.965,2.52,2.52,19.65,NAN,,7
86,8.6,1.995,2.605,2.605,19.95,NAN,,7
87,8.7,2.025,2.49,2.49,20.25,NAN,,7
88,8.8,2.055,2.21,2.21,20.55,NAN,,7
89,8.9,2.085,1.83,1.83,20.85,NAN,,7
90,9.0,2.1,1.43,1.43,21.0,NAN,,7
91,9.1,2.13,1.105,1.105,21.3,NAN,,7
92,9.2,2.16,0.85,0.85,21.6,NAN,,7
93,9.3,2.19,0.7,0.7,21.9,NAN,,7
94,9.5,2.22,0.55,0.55,22.2,NAN,,7
95,9.511000000000001,2.235,0.61,0.61,22.35,NAN,,7
96,9.6,2.25,0.57,0.57,22.5,NAN,,7
97,9.7,2.28,0.66,0.66,22.8,NAN,,7
98,9.8,2.31,0.815,0.815,23.1,NAN,,7
99,9.9,2.34,1.05,1.05,23.4,NAN,,7
100,10.0,2.355,1.355,1.355,23.55,NAN,,7
101,10.1,2.385,1.73,1.73,23.85,NAN,,7
102,10.2,2.415,2.145,2.145,24.15,NAN,,7
103,10.3,2.445,2.575,2.575,24.45,NAN,,7
104,10.53,2.49,3.27,3.27,24.9,NAN,,7
105,10.542,2.49,3.305,3.305,24.9,NAN,,7
106,10.6,2.505,3.245,3.245,25.05,NAN,,7
107,10.7,2.535,3.165,3.165,25.35,NAN,,7
108,10.8,2.565,2.91,2.91,25.65,NAN,,7
109,10.9,2.58,2.57,2.57,25.8,NAN,,7
110,11.0,2.61,2.23,2.23,26.1,NAN,,7
111,11.1,2.64,1.895,1.895,26.4,NAN,,7
112,11.2,2.67,1.645,1.645,26.7,NAN,,7
113,11.3,2.7,1.47,1.47,27.0,NAN,,7
114,11.4,2.715,1.335,1.335,27.15,NAN,,7
115,11.544,2.76,1.315,1.315,27.6,NAN,,7
116,11.6,2.775,1.385,1.385,27.75,NAN,,7
117,11.7,2.805,1.325,1.325,28.05,NAN,,7
118,11.8,2.835,1.46,1.46,28.35,NAN,,7
119,11.9,2.835,1.735,1.735,28.35,NAN,,7
120,12.0,2.865,2.085,2.085,28.65,NAN,,7
121,12.1,2.895,2.47,2.47,28.95,NAN,,7
122,12.2,2.925,2.93,2.93,29.25,NAN,,7
123,12.3,2.955,3.365,3.365,29.55,NAN,,7
124,12.4,2.97,3.74,3.74,29.7,NAN,,7
125,12.542,3.015,4.115,4.115,30.15,NAN,,7
126,12.6,3.03,4.115,4.115,30.3,NAN,,7
127,12.7,3.06,4.1,4.1,30.6,NAN,,7
128,12.8,3.075,3.955,3.955,30.75,NAN,,7
129,12.9,3.105,3.625,3.625,31.05,NAN,,7
130,13.0,3.135,3.48,3.48,31.35,NAN,,7
131,13.1,3.165,3.25,3.25,31.65,NAN,,7
132,13.2,3.18,3.005,3.005,31.8,NAN,,7
133,13.3,3.195,3.01,3.01,31.95,NAN,,7
134,13.4,3.195,3.015,3.015,31.95,NAN,,7
135,13.556,3.195,2.94,2.94,31.95,NAN,,7
136,13.6,3.195,3.01,3.01,31.95,NAN,,7
137,13.7,3.195,3.01,3.01,31.95,NAN,,7
138,13.8,3.195,3.01,3.01,31.95,NAN,,7
139,13.9,3.195,3.015,3.015,31.95,NAN,,7
140,14.0,3.195,3.01,3.01,31.95,NAN,,7
141,14.1,3.195,3.015,3.015,31.95,NAN,,7
142,14.2,3.195,2.995,2.995,31.95,NAN,,7
143,14.3,3.195,3.02,3.02,31.95,NAN,,7
144,14.4,3.195,3.01,3.01,31.95,NAN,,7
145,14.57,3.195,2.95,2.95,31.95,NAN,,7
146,14.6,3.195,2.995,2.995,31.95,NAN,,7
147,14.7,3.195,3.02,3.02,31.95,NAN,,7
148,14.8,3.195,2.99,2.99,31.95,NAN,,7
149,14.9,3.195,3.01,3.01,31.95,NAN,,7
150,15.0,3.195,3.01,3.01,31.95,NAN,,7
0,0.0,0.255,0.11,0.11,2.55,NAN,,8
1,0.1,0.045,-0.025,-0.025,0.45,NAN,,8
2,0.2,0.135,-0.01,-0.01,1.35,NAN,,8
3,0.3,0.21,0.01,0.01,2.1,NAN,,8
4,0.4,0.21,0.0,0.0,2.1,NAN,,8
5,0.5,0.27,0.005,0.005,2.7,NAN,,8
6,0.6,0.3,0.01,0.01,3.0,NAN,,8
7,0.7,0.33,0.125,0.125,3.3,NAN,,8
8,0.8,0.345,0.045,0.045,3.45,NAN,,8
9,0.9,0.375,0.005,0.005,3.75,NAN,,8
10,1.0,0.39,0.02,0.02,3.9,NAN,,8
11,1.1,0.42,0.085,0.085,4.2,NAN,,8
12,1.2,0.435,0.1,0.1,4.35,NAN,,8
13,1.3,0.465,0.125,0.125,4.65,NAN,,8
14,1.4,0.48,0.145,0.145,4.8,NAN,,8
15,1.5,0.495,0.11,0.11,4.95,NAN,,8
16,1.6,0.525,0.12,0.12,5.25,NAN,,8
17,1.7,0.555,0.11,0.11,5.55,NAN,,8
18,1.8,0.585,0.085,0.085,5.85,NAN,,8
19,1.9,0.6,0.06,0.06,6.0,NAN,,8
20,2.0,0.63,0.095,0.095,6.3,NAN,,8
21,2.1,0.66,0.09,0.09,6.6,NAN,,8
22,2.2,0.69,0.095,0.095,6.9,NAN,,8
23,2.3,0.72,0.07,0.07,7.2,NAN,,8
24,2.4,0.75,0.08,0.08,7.5,NAN,,8
25,2.5,0.765,0.035,0.035,7.65,NAN,,8
26,2.6,0.795,0.055,0.055,7.95,NAN,,8
27,2.7,0.825,0.07,0.07,8.25,NAN,,8
28,2.8,0.855,0.095,0.095,8.55,NAN,,8
29,2.9,0.87,0.14,0.14,8.7,NAN,,8
30,3.0,0.9,0.34,0.34,9.0,NAN,,8
31,3.1,0.93,0.345,0.345,9.3,NAN,,8
32,3.2,0.945,0.415,0.415,9.45,NAN,,8
33,3.3,0.975,0.48,0.48,9.75,NAN,,8
34,3.4,1.005,0.535,0.535,10.05,NAN,,8
35,3.5,1.035,0.355,0.355,10.35,NAN,,8
36,3.6,1.05,0.345,0.345,10.5,NAN,,8
37,3.7,1.08,0.26,0.26,10.8,NAN,,8
38,3.8,1.11,0.11,0.11,11.1,NAN,,8
39,3.9,1.14,0.12,0.12,11.4,NAN,,8
40,4.0,1.17,0.07,0.07,11.7,NAN,,8
41,4.1,1.2,0.065,0.065,12.0,NAN,,8
42,4.2,1.215,0.075,0.075,12.15,NAN,,8
43,4.3,1.245,0.16,0.16,12.45,NAN,,8
44,4.4,1.26,0.1,0.1,12.6,NAN,,8
45,4.5,1.29,0.165,0.165,12.9,NAN,,8
46,4.6,1.32,0.19,0.19,13.2,NAN,,8
47,4.7,1.335,0.34,0.34,13.35,NAN,,8
48,4.8,1.35,0.37,0.37,13.5,NAN,,8
49,4.9,1.38,0.43,0.43,13.8,NAN,,8
50,5.0,1.395,0.445,0.445,13.95,NAN,,8
51,5.1,1.425,0.55,0.55,14.25,NAN,,8
52,5.2,1.455,0.68,0.68,14.55,NAN,,8
53,5.3,1.485,0.77,0.77,14.85,NAN,,8
54,5.4,1.5,0.875,0.875,15.0,NAN,,8
55,5.5,1.515,0.65,0.65,15.15,NAN,,8
56,5.6,1.545,0.52,0.52,15.45,NAN,,8
57,5.7,1.575,0.395,0.395,15.75,NAN,,8
58,5.8,1.605,0.32,0.32,16.05,NAN,,8
59,5.9,1.635,0.21,0.21,16.35,NAN,,8
60,6.0,1.65,0.065,0.065,16.5,NAN,,8
61,6.1,1.68,0.105,0.105,16.8,NAN,,8
62,6.2,1.71,0.105,0.105,17.1,NAN,,8
63,6.3,1.74,0.16,0.16,17.4,NAN,,8
64,6.4,1.77,0.18,0.18,17.7,NAN,,8
65,6.5,1.785,0.265,0.265,17.85,NAN,,8
66,6.6,1.815,0.48,0.48,18.15,NAN,,8
67,6.7,1.845,0.605,0.605,18.45,NAN,,8
68,6.8,1.875,0.775,0.775,18.75,NAN,,8
69,6.9,1.89,0.97,0.97,18.9,NAN,,8
70,7.0,1.92,1.095,1.095,19.2,NAN,,8
71,7.1,1.935,1.23,1.23,19.35,NAN,,8
72,7.2,1.965,1.275,1.275,19.65,NAN,,8
73,7.3,1.98,1.125,1.125,19.8,NAN,,8
74,7.4,2.01,0.97,0.97,20.1,NAN,,8
75,7.5,2.04,0.8,0.8,20.4,NAN,,8
76,7.6,2.055,0.345,0.345,20.55,NAN,,8
77,7.7,2.1,0.475,0.475,21.0,NAN,,8
78,7.8,2.13,0.35,0.35,21.3,NAN,,8
79,7.9,2.145,0.265,0.265,21.45,NAN,,8
80,8.0,2.175,0.285,0.285,21.75,NAN,,8
81,8.1,2.19,0.155,0.155,21.9,NAN,,8
82,8.2,2.22,0.3,0.3,22.2,NAN,,8
83,8.3,2.235,0.255,0.255,22.35,NAN,,8
84,8.4,2.265,0.37,0.37,22.65,NAN,,8
85,8.5,2.295,0.485,0.485,22.95,NAN,,8
86,8.6,2.325,0.615,0.615,23.25,NAN,,8
87,8.7,2.355,0.815,0.815,23.55,NAN,,8
88,8.8,2.37,1.06,1.06,23.7,NAN,,8
89,8.9,2.4,1.345,1.345,24.0,NAN,,8
90,9.0,2.43,1.58,1.58,24.3,NAN,,8
91,9.1,2.46,1.69,1.69,24.6,NAN,,8
92,9.2,2.49,1.595,1.595,24.9,NAN,,8
93,9.3,2.505,1.43,1.43,25.05,NAN,,8
94,9.4,2.52,1.21,1.21,25.2,NAN,,8
95,9.5,2.55,1.035,1.035,25.5,NAN,,8
96,9.6,2.58,0.7,0.7,25.8,NAN,,8
97,9.7,2.595,0.525,0.525,25.95,NAN,,8
98,9.8,2.625,0.37,0.37,26.25,NAN,,8
99,9.9,2.655,0.295,0.295,26.55,NAN,,8
100,10.0,2.685,0.24,0.24,26.85,NAN,,8
101,10.1,2.7,0.375,0.375,27.0,NAN,,8
102,10.2,2.73,0.435,0.435,27.3,NAN,,8
103,10.3,2.76,0.535,0.535,27.6,NAN,,8
104,10.4,2.79,0.655,0.655,27.9,NAN,,8
105,10.5,2.82,0.86,0.86,28.2,NAN,,8
106,10.6,2.85,1.13,1.13,28.5,NAN,,8
107,10.7,2.865,1.265,1.265,28.65,NAN,,8
108,10.8,2.895,1.565,1.565,28.95,NAN,,8
109,10.9,2.91,1.805,1.805,29.1,NAN,,8
110,11.0,2.94,1.955,1.955,29.4,NAN,,8
111,11.1,2.97,2.005,2.005,29.7,NAN,,8
112,11.2,2.985,2.025,2.025,29.85,NAN,,8
113,11.3,3.03,1.83,1.83,30.3,NAN,,8
114,11.4,3.045,1.54,1.54,30.45,NAN,,8
115,11.5,3.075,1.305,1.305,30.75,NAN,,8
116,11.6,3.09,1.11,1.11,30.9,NAN,,8
117,11.7,3.12,0.895,0.895,31.2,NAN,,8
118,11.8,3.135,0.795,0.795,31.35,NAN,,8
119,11.9,3.15,0.615,0.615,31.5,NAN,,8
120,12.0,3.15,0.56,0.56,31.5,NAN,,8
121,12.1,3.165,0.54,0.54,31.65,NAN,,8
122,12.2,3.18,0.495,0.495,31.8,NAN,,8
123,12.3,3.18,0.48,0.48,31.8,NAN,,8
124,12.4,3.18,0.59,0.59,31.8,NAN,,8
125,12.5,3.18,0.565,0.565,31.8,NAN,,8
126,12.6,3.18,0.56,0.56,31.8,NAN,,8
127,12.7,3.18,0.55,0.55,31.8,NAN,,8
128,12.807,3.18,0.53,0.53,31.8,NAN,,8
129,12.901,3.18,0.605,0.605,31.8,NAN,,8
130,13.01,3.18,0.44,0.44,31.8,NAN,,8
131,13.104000000000001,3.18,0.5,0.5,31.8,NAN,,8
132,13.213,3.18,0.395,0.395,31.8,NAN,,8
133,13.306,3.18,0.49,0.49,31.8,NAN,,8
134,13.4,3.18,0.47,0.47,31.8,NAN,,8
135,13.509,3.18,0.46,0.46,31.8,NAN,,8
136,13.603,3.18,0.57,0.57,31.8,NAN,,8
137,13.712,3.18,0.245,0.245,31.8,NAN,,8
138,13.806,3.18,0.545,0.545,31.8,NAN,,8
139,13.915,3.18,0.23,0.23,31.8,NAN,,8
140,14.008,3.18,0.485,0.485,31.8,NAN,,8
141,14.102,3.18,0.575,0.575,31.8,NAN,,8
142,14.210999999999999,3.18,0.39,0.39,31.8,NAN,,8
143,14.305,3.18,0.47,0.47,31.8,NAN,,8
144,14.414000000000001,3.18,0.36,0.36,31.8,NAN,,8
145,14.508,3.18,0.45,0.45,31.8,NAN,,8
146,14.600999999999999,3.18,0.46,0.46,31.8,NAN,,8
147,14.71,3.18,0.43,0.43,31.8,NAN,,8
148,14.804,3.18,0.54,0.54,31.8,NAN,,8
149,14.913,3.18,0.22,0.22,31.8,NAN,,8
0,0.0,0.21,-0.005,-0.005,2.1,NAN,,9
1,0.1,0.015,0.025,0.025,0.15,NAN,,9
2,0.2,0.165,0.01,0.01,1.65,NAN,,9
3,0.3,0.18,0.02,0.02,1.8,NAN,,9
4,0.4,0.225,0.015,0.015,2.25,NAN,,9
5,0.5,0.27,0.03,0.03,2.7,NAN,,9
6,0.6,0.3,0.03,0.03,3.0,NAN,,9
7,0.7,0.315,0.04,0.04,3.15,NAN,,9
8,0.8,0.345,0.03,0.03,3.45,NAN,,9
9,0.9,0.36,0.045,0.045,3.6,NAN,,9
10,1.0,0.39,0.05,0.05,3.9,NAN,,9
11,1.1,0.42,0.08,0.08,4.2,NAN,,9
12,1.2,0.435,0.12,0.12,4.35,NAN,,9
13,1.3,0.465,0.135,0.135,4.65,NAN,,9
14,1.4,0.495,0.225,0.225,4.95,NAN,,9
15,1.5,0.51,0.25,0.25,5.1,NAN,,9
16,1.6,0.525,0.38,0.38,5.25,NAN,,9
17,1.7,0.54,0.26,0.26,5.4,NAN,,9
18,1.8,0.555,0.255,0.255,5.55,NAN,,9
19,1.9,0.57,0.21,0.21,5.7,NAN,,9
20,2.0,0.6,0.175,0.175,6.0,NAN,,9
21,2.1,0.63,0.135,0.135,6.3,NAN,,9
22,2.2,0.66,0.115,0.115,6.6,NAN,,9
23,2.3,0.69,0.08,0.08,6.9,NAN,,9
24,2.4,0.705,0.075,0.075,7.05,NAN,,9
25,2.5,0.735,0.07,0.07,7.35,NAN,,9
26,2.6,0.75,0.07,0.07,7.5,NAN,,9
27,2.7,0.78,0.075,0.075,7.8,NAN,,9
28,2.8,0.81,0.22,0.22,8.1,NAN,,9
29,2.9,0.825,0.115,0.115,8.25,NAN,,9
30,3.0,0.855,0.18,0.18,8.55,NAN,,9
31,3.1,0.87,0.255,0.255,8.7,NAN,,9
32,3.2,0.9,0.365,0.365,9.0,NAN,,9
33,3.3,0.915,0.455,0.455,9.15,NAN,,9
34,3.4,0.945,0.565,0.565,9.45,NAN,,9
35,3.5,0.975,0.705,0.705,9.75,NAN,,9
36,3.6,0.99,0.76,0.76,9.9,NAN,,9
37,3.7,1.02,0.685,0.685,10.2,NAN,,9
38,3.8,1.05,0.53,0.53,10.5,NAN,,9
39,3.9,1.08,0.46,0.46,10.8,NAN,,9
40,4.0,1.11,0.29,0.29,11.1,NAN,,9
41,4.1,1.14,0.195,0.195,11.4,NAN,,9
42,4.2,1.155,0.12,0.12,11.55,NAN,,9
43,4.3,1.185,0.11,0.11,11.85,NAN,,9
44,4.4,1.215,0.115,0.115,12.15,NAN,,9
45,4.5,1.23,0.135,0.135,12.3,NAN,,9
46,4.6,1.26,0.12,0.12,12.6,NAN,,9
47,4.7,1.275,0.185,0.185,12.75,NAN,,9
48,4.8,1.305,0.275,0.275,13.05,NAN,,9
49,4.9,1.335,0.4,0.4,13.35,NAN,,9
50,5.0,1.35,0.545,0.545,13.5,NAN,,9
51,5.1,1.38,0.83,0.83,13.8,NAN,,9
52,5.2,1.41,0.925,0.925,14.1,NAN,,9
53,5.3,1.44,1.11,1.11,14.4,NAN,,9
54,5.4,1.455,1.285,1.285,14.55,NAN,,9
55,5.5,1.485,1.31,1.31,14.85,NAN,,9
56,5.6,1.515,1.145,1.145,15.15,NAN,,9
57,5.7,1.545,0.8,0.8,15.45,NAN,,9
58,5.8,1.575,0.535,0.535,15.75,NAN,,9
59,5.9,1.59,0.37,0.37,15.9,NAN,,9
60,6.0,1.62,0.26,0.26,16.2,NAN,,9
61,6.1,1.65,0.2,0.2,16.5,NAN,,9
62,6.2,1.665,0.255,0.255,16.65,NAN,,9
63,6.3,1.695,0.275,0.275,16.95,NAN,,9
64,6.4,1.725,0.24,0.24,17.25,NAN,,9
65,6.5,1.755,0.305,0.305,17.55,NAN,,9
66,6.6,1.785,0.4,0.4,17.85,NAN,,9
67,6.7,1.8,0.54,0.54,18.0,NAN,,9
68,6.8,1.83,0.705,0.705,18.3,NAN,,9
69,6.9,1.86,0.9,0.9,18.6,NAN,,9
70,7.0,1.875,1.15,1.15,18.75,NAN,,9
71,7.1,1.89,1.425,1.425,18.9,NAN,,9
72,7.2,1.92,1.745,1.745,19.2,NAN,,9
73,7.3,1.95,1.915,1.915,19.5,NAN,,9
74,7.4,1.98,2.05,2.05,19.8,NAN,,9
75,7.5,1.995,1.67,1.67,19.95,NAN,,9
76,7.6,2.025,1.345,1.345,20.25,NAN,,9
77,7.7,2.055,1.04,1.04,20.55,NAN,,9
78,7.8,2.07,0.705,0.705,20.7,NAN,,9
79,7.9,2.1,0.475,0.475,21.0,NAN,,9
80,8.0,2.13,0.32,0.32,21.3,NAN,,9
81,8.1,2.16,0.255,0.255,21.6,NAN,,9
82,8.2,2.19,0.25,0.25,21.9,NAN,,9
83,8.3,2.22,0.31,0.31,22.2,NAN,,9
84,8.4,2.235,0.38,0.38,22.35,NAN,,9
85,8.5,2.25,0.625,0.625,22.5,NAN,,9
86,8.6,2.28,0.86,0.86,22.8,NAN,,9
87,8.7,2.31,1.0,1.0,23.1,NAN,,9
88,8.8,2.34,1.325,1.325,23.4,NAN,,9
89,8.9,2.37,1.59,1.59,23.7,NAN,,9
90,9.0,2.4,1.99,1.99,24.0,NAN,,9
91,9.1,2.415,2.355,2.355,24.15,NAN,,9
92,9.2,2.445,2.585,2.585,24.45,NAN,,9
93,9.3,2.475,2.6,2.6,24.75,NAN,,9
94,9.4,2.505,2.36,2.36,25.05,NAN,,9
95,9.5,2.52,1.98,1.98,25.2,NAN,,9
96,9.6,2.535,1.56,1.56,25.35,NAN,,9
97,9.7,2.565,1.22,1.22,25.65,NAN,,9
98,9.8,2.595,0.89,0.89,25.95,NAN,,9
99,9.9,2.625,0.545,0.545,26.25,NAN,,9
100,10.0,2.64,0.4,0.4,26.4,NAN,,9
101,10.1,2.67,0.385,0.385,26.7,NAN,,9
102,10.2,2.7,0.39,0.39,27.0,NAN,,9
103,10.3,2.73,0.525,0.525,27.3,NAN,,9
104,10.4,2.76,0.735,0.735,27.6,NAN,,9
105,10.5,2.79,0.96,0.96,27.9,NAN,,9
106,10.6,2.805,1.23,1.23,28.05,NAN,,9
107,10.7,2.835,1.545,1.545,28.35,NAN,,9
108,10.8,2.865,2.015,2.015,28.65,NAN,,9
109,10.9,2.88,2.56,2.56,28.8,NAN,,9
110,11.0,2.91,2.93,2.93,29.1,NAN,,9
111,11.1,2.925,3.21,3.21,29.25,NAN,,9
112,11.2,2.955,3.295,3.295,29.55,NAN,,9
113,11.3,2.97,3.18,3.18,29.7,NAN,,9
114,11.4,3.0,2.775,2.775,30.0,NAN,,9
115,11.5,3.03,2.45,2.45,30.3,NAN,,9
116,11.6,3.06,1.82,1.82,30.6,NAN,,9
117,11.7,3.09,1.42,1.42,30.9,NAN,,9
118,11.8,3.105,1.095,1.095,31.05,NAN,,9
119,11.9,3.135,0.835,0.835,31.35,NAN,,9
120,12.0,3.15,0.785,0.785,31.5,NAN,,9
121,12.1,3.165,0.705,0.705,31.65,NAN,,9
122,12.2,3.165,0.605,0.605,31.65,NAN,,9
123,12.3,3.18,0.575,0.575,31.8,NAN,,9
124,12.4,3.18,0.575,0.575,31.8,NAN,,9
125,12.5,3.18,0.575,0.575,31.8,NAN,,9
126,12.6,3.18,0.565,0.565,31.8,NAN,,9
127,12.7,3.18,0.56,0.56,31.8,NAN,,9
128,12.8,3.18,0.555,0.555,31.8,NAN,,9
129,12.9,3.18,0.56,0.56,31.8,NAN,,9
130,13.0,3.18,0.55,0.55,31.8,NAN,,9
131,13.1,3.18,0.545,0.545,31.8,NAN,,9
132,13.2,3.18,0.6,0.6,31.8,NAN,,9
133,13.3,3.18,0.595,0.595,31.8,NAN,,9
134,13.4,3.18,0.54,0.54,31.8,NAN,,9
135,13.5,3.18,0.535,0.535,31.8,NAN,,9
136,13.6,3.18,0.515,0.515,31.8,NAN,,9
137,13.7,3.18,0.525,0.525,31.8,NAN,,9
138,13.8,3.18,0.52,0.52,31.8,NAN,,9
139,13.9,3.18,0.515,0.515,31.8,NAN,,9
140,14.0,3.18,0.51,0.51,31.8,NAN,,9
141,14.1,3.18,0.51,0.51,31.8,NAN,,9
142,14.2,3.18,0.515,0.515,31.8,NAN,,9
143,14.3,3.18,0.56,0.56,31.8,NAN,,9
144,14.4,3.18,0.555,0.555,31.8,NAN,,9
145,14.5,3.18,0.555,0.555,31.8,NAN,,9
146,14.6,3.18,0.515,0.515,31.8,NAN,,9
147,14.7,3.18,0.51,0.51,31.8,NAN,,9
148,14.8,3.18,0.51,0.51,31.8,NAN,,9
149,14.9,3.18,0.485,0.485,31.8,NAN,,9
150,15.0,3.18,0.495,0.495,31.8,NAN,,9
0,0.0,0.105,0.025,0.025,1.05,NAN,,10
1,0.10099999999999999,0.0,-0.015,-0.015,0.0,NAN,,10
2,0.201,0.0,0.005,0.005,0.0,NAN,,10
3,0.301,0.0,-0.025,-0.025,0.0,NAN,,10
4,0.401,0.0,0.01,0.01,0.0,NAN,,10
5,0.501,0.09,0.085,0.085,0.9,NAN,,10
6,0.601,0.12,0.0,0.0,1.2,NAN,,10
7,0.701,0.105,0.195,0.195,1.05,NAN,,10
8,0.8009999999999999,0.21,0.03,0.03,2.1,NAN,,10
9,0.9009999999999999,0.15,0.025,0.025,1.5,NAN,,10
10,1.001,0.165,0.015,0.015,1.65,NAN,,10
11,1.101,0.195,0.02,0.02,1.95,NAN,,10
12,1.2009999999999998,0.225,0.03,0.03,2.25,NAN,,10
13,1.301,0.255,0.025,0.025,2.55,NAN,,10
14,1.401,0.27,0.025,0.025,2.7,NAN,,10
15,1.501,0.3,0.05,0.05,3.0,NAN,,10
16,1.601,0.33,0.04,0.04,3.3,NAN,,10
17,1.7009999999999998,0.345,0.045,0.045,3.45,NAN,,10
18,1.801,0.375,0.045,0.045,3.75,NAN,,10
19,1.901,0.405,0.05,0.05,4.05,NAN,,10
20,2.001,0.42,0.07,0.07,4.2,NAN,,10
21,2.101,0.45,0.085,0.085,4.5,NAN,,10
22,2.201,0.48,0.09,0.09,4.8,NAN,,10
23,2.301,0.51,0.125,0.125,5.1,NAN,,10
24,2.401,0.54,0.17,0.17,5.4,NAN,,10
25,2.501,0.555,0.185,0.185,5.55,NAN,,10
26,2.6010000000000004,0.585,0.165,0.165,5.85,NAN,,10
27,2.701,0.615,0.16,0.16,6.15,NAN,,10
28,2.801,0.645,0.14,0.14,6.45,NAN,,10
29,2.9010000000000002,0.675,0.15,0.15,6.75,NAN,,10
30,3.0010000000000003,0.69,0.125,0.125,6.9,NAN,,10
31,3.1010000000000004,0.705,0.105,0.105,7.05,NAN,,10
32,3.201,0.735,0.06,0.06,7.35,NAN,,10
33,3.301,0.765,0.1,0.1,7.65,NAN,,10
34,3.4010000000000002,0.795,0.105,0.105,7.95,NAN,,10
35,3.5010000000000003,0.81,0.115,0.115,8.1,NAN,,10
36,3.6010000000000004,0.84,0.15,0.15,8.4,NAN,,10
37,3.701,0.87,0.165,0.165,8.7,NAN,,10
38,3.801,0.9,0.21,0.21,9.0,NAN,,10
39,3.9010000000000002,0.93,0.27,0.27,9.3,NAN,,10
40,4.001,0.945,0.34,0.34,9.45,NAN,,10
41,4.101,0.975,0.44,0.44,9.75,NAN,,10
42,4.2010000000000005,1.005,0.48,0.48,10.05,NAN,,10
43,4.301,1.035,0.485,0.485,10.35,NAN,,10
44,4.401,1.05,0.46,0.46,10.5,NAN,,10
45,4.501,1.08,0.38,0.38,10.8,NAN,,10
46,4.601,1.095,0.325,0.325,10.95,NAN,,10
47,4.7010000000000005,1.125,0.26,0.26,11.25,NAN,,10
48,4.801,1.155,0.24,0.24,11.55,NAN,,10
49,4.901,1.185,0.18,0.18,11.85,NAN,,10
50,5.001,1.215,0.18,0.18,12.15,NAN,,10
51,5.101,1.23,0.15,0.15,12.3,NAN,,10
52,5.2010000000000005,1.26,0.165,0.165,12.6,NAN,,10
53,5.301,1.29,0.2,0.2,12.9,NAN,,10
54,5.401,1.32,0.25,0.25,13.2,NAN,,10
55,5.501,1.35,0.32,0.32,13.5,NAN,,10
56,5.601,1.365,0.4,0.4,13.65,NAN,,10
57,5.7010000000000005,1.38,0.525,0.525,13.8,NAN,,10
58,5.801,1.41,0.62,0.62,14.1,NAN,,10
59,5.901,1.44,0.775,0.775,14.4,NAN,,10
60,6.001,1.47,0.86,0.86,14.7,NAN,,10
61,6.101,1.485,0.945,0.945,14.85,NAN,,10
62,6.2010000000000005,1.515,0.86,0.86,15.15,NAN,,10
63,6.301,1.545,0.75,0.75,15.45,NAN,,10
64,6.401,1.575,0.565,0.565,15.75,NAN,,10
65,6.501,1.605,0.42,0.42,16.05,NAN,,10
66,6.601,1.62,0.33,0.33,16.2,NAN,,10
67,6.7010000000000005,1.65,0.26,0.26,16.5,NAN,,10
68,6.801,1.68,0.23,0.23,16.8,NAN,,10
69,6.901,1.71,0.22,0.22,17.1,NAN,,10
70,7.001,1.74,0.12,0.12,17.4,NAN,,10
71,7.101,1.74,0.255,0.255,17.4,NAN,,10
72,7.2010000000000005,1.77,0.335,0.335,17.7,NAN,,10
73,7.301,1.8,0.435,0.435,18.0,NAN,,10
74,7.401,1.83,0.585,0.585,18.3,NAN,,10
75,7.501,1.86,0.7,0.7,18.6,NAN,,10
76,7.601,1.875,0.88,0.88,18.75,NAN,,10
77,7.7010000000000005,1.905,1.08,1.08,19.05,NAN,,10
78,7.801,1.935,1.27,1.27,19.35,NAN,,10
79,7.901,1.965,1.445,1.445,19.65,NAN,,10
80,8.001,1.98,1.38,1.38,19.8,NAN,,10
81,8.101,2.01,1.24,1.24,20.1,NAN,,10
82,8.201,2.04,0.98,0.98,20.4,NAN,,10
83,8.301,2.055,0.765,0.765,20.55,NAN,,10
84,8.401,2.085,0.52,0.52,20.85,NAN,,10
85,8.501,2.115,0.41,0.41,21.15,NAN,,10
86,8.601,2.13,0.295,0.295,21.3,NAN,,10
87,8.701,2.16,0.31,0.31,21.6,NAN,,10
88,8.801,2.19,0.29,0.29,21.9,NAN,,10
89,8.901,2.22,0.325,0.325,22.2,NAN,,10
90,9.001,2.235,0.37,0.37,22.35,NAN,,10
91,9.101,2.265,0.515,0.515,22.65,NAN,,10
92,9.201,2.295,0.665,0.665,22.95,NAN,,10
93,9.301,2.325,0.87,0.87,23.25,NAN,,10
94,9.401,2.355,1.045,1.045,23.55,NAN,,10
95,9.501,2.37,1.345,1.345,23.7,NAN,,10
96,9.601,2.4,1.445,1.445,24.0,NAN,,10
97,9.701,2.415,1.85,1.85,24.15,NAN,,10
98,9.801,2.445,2.0,2.0,24.45,NAN,,10
99,9.901,2.475,1.945,1.945,24.75,NAN,,10
100,10.001,2.49,1.695,1.695,24.9,NAN,,10
101,10.101,2.52,1.35,1.35,25.2,NAN,,10
102,10.201,2.55,0.975,0.975,25.5,NAN,,10
103,10.300999999999998,2.58,0.76,0.76,25.8,NAN,,10
104,10.401,2.61,0.57,0.57,26.1,NAN,,10
105,10.501,2.625,0.425,0.425,26.25,NAN,,10
106,10.600999999999999,2.655,0.37,0.37,26.55,NAN,,10
107,10.700999999999999,2.685,0.375,0.375,26.85,NAN,,10
108,10.800999999999998,2.715,0.405,0.405,27.15,NAN,,10
109,10.901,2.73,0.535,0.535,27.3,NAN,,10
110,11.001,2.745,0.635,0.635,27.45,NAN,,10
111,11.100999999999999,2.775,0.87,0.87,27.75,NAN,,10
112,11.200999999999999,2.805,1.11,1.11,28.05,NAN,,10
113,11.300999999999998,2.835,1.385,1.385,28.35,NAN,,10
114,11.401,2.865,1.735,1.735,28.65,NAN,,10
115,11.501,2.88,2.08,2.08,28.8,NAN,,10
116,11.600999999999999,2.91,2.385,2.385,29.1,NAN,,10
117,11.700999999999999,2.94,2.54,2.54,29.4,NAN,,10
118,11.800999999999998,2.97,2.53,2.53,29.7,NAN,,10
119,11.901,2.985,2.2,2.2,29.85,NAN,,10
120,12.001,3.015,1.81,1.81,30.15,NAN,,10
121,12.100999999999999,3.045,1.395,1.395,30.45,NAN,,10
122,12.200999999999999,3.06,1.015,1.015,30.6,NAN,,10
123,12.300999999999998,3.09,0.74,0.74,30.9,NAN,,10
124,12.401,3.105,0.57,0.57,31.05,NAN,,10
125,12.501,3.135,0.475,0.475,31.35,NAN,,10
126,12.600999999999999,3.165,0.46,0.46,31.65,NAN,,10
127,12.700999999999999,3.195,0.475,0.475,31.95,NAN,,10
128,12.800999999999998,3.195,0.455,0.455,31.95,NAN,,10
129,12.901,3.195,0.465,0.465,31.95,NAN,,10
130,13.001,3.195,0.495,0.495,31.95,NAN,,10
131,13.100999999999999,3.195,0.45,0.45,31.95,NAN,,10
132,13.200999999999999,3.195,0.455,0.455,31.95,NAN,,10
133,13.300999999999998,3.195,0.425,0.425,31.95,NAN,,10
134,13.401,3.195,0.42,0.42,31.95,NAN,,10
135,13.501,3.195,0.445,0.445,31.95,NAN,,10
136,13.600999999999999,3.195,0.43,0.43,31.95,NAN,,10
137,13.700999999999999,3.195,0.44,0.44,31.95,NAN,,10
138,13.800999999999998,3.195,0.42,0.42,31.95,NAN,,10
139,13.901,3.195,0.41,0.41,31.95,NAN,,10
140,14.001,3.195,0.435,0.435,31.95,NAN,,10
141,14.100999999999999,3.195,0.415,0.415,31.95,NAN,,10
142,14.200999999999999,3.195,0.415,0.415,31.95,NAN,,10
143,14.300999999999998,3.195,0.415,0.415,31.95,NAN,,10
144,14.401,3.195,0.43,0.43,31.95,NAN,,10
145,14.501,3.195,0.415,0.415,31.95,NAN,,10
146,14.600999999999999,3.195,0.425,0.425,31.95,NAN,,10
147,14.700999999999999,3.195,0.405,0.405,31.95,NAN,,10
148,14.800999999999998,3.195,0.405,0.405,31.95,NAN,,10
149,14.901,3.195,0.42,0.42,31.95,NAN,,10
